claim_id,predecessor_id,bounded_difference,defeating_evidence,residual_uncertainty,claim_ids,source_path,evidence_stage,claim_ceiling
C001,EIP-7594,KEYSTONE can only claim a distinction between public ciphertext availability and dispute-key serviceability; it cannot claim data-availability sampling itself.,PeerDAS already occupies probabilistic public rollup/blob data availability and defeats any broad DA novelty wording.,"A formal counterexample class may still support the narrower distinction, but that is a KEYSTONE-owned property claim rather than inherited prior-art clearance.",C001,research-case/01-novelty/novelty-matrix.csv,ANALYTIC_DRAFT,NOVELTY_UNRESOLVED
C001,ETHTID+tTLES,"If anything survives, it must be pre-authorization dispute-readiness rather than generic deadline-bounded authorized reconstructability.",ETHTID and tTLES already formalize scheduled or condition-dependent threshold release on chain.,The bounded searches did not prove whether dispute-readiness before authorization is already captured elsewhere.,C001,research-case/01-novelty/novelty-matrix.csv,ANALYTIC_DRAFT,NOVELTY_UNRESOLVED
C001,Context-Dependent-Threshold-Decryption,KEYSTONE may only reuse context-bound proof transcripts as adopted machinery inside a readiness audit.,Context-dependent threshold decryption already makes decryption context and share isolation explicit prior art.,A manuscript that drifts into claiming new context-bound threshold decryption would be directly contradicted.,C001,research-case/01-novelty/novelty-matrix.csv,ANALYTIC_DRAFT,NOVELTY_UNRESOLVED
C001,UQ-Vote+Accountability+Accountable-Liveness,"Any surviving contribution must avoid claiming consensus authorization, public workflow, or timing-free blame as novel and instead stay with conditional deadline evidence for dispute readiness.","UQ-Vote, threshold-decryption accountability, and Accountable Liveness already occupy authorization, public workflow, accountability, and timing-qualified liveness limits.","The UQ-Vote DOI, venue, volume, and pages now converge across Crossref and OpenAlex, but no supplied source proves unconditional deadline accountability for KEYSTONE and final submission-time metadata refresh remains required.",C001,research-case/01-novelty/novelty-matrix.csv,ANALYTIC_DRAFT,NOVELTY_UNRESOLVED
C001,Ferveo+BEAT-MEV+EigenAI,"The narrow candidate is a pre-authorization non-production serviceability audit for disputes, not blockchain threshold decryption or encrypted AI/rollup threshold release generally.",These systems already show threshold decryption in encrypted transaction or encrypted AI settings with liveness after ordering or challenge windows.,"The exact dispute-readiness audit composition may still be distinct, but the literature is crowded and drift-prone.",C001,research-case/01-novelty/novelty-matrix.csv,ANALYTIC_DRAFT,NOVELTY_UNRESOLVED
C001,EP3811560B1+US20170005797A1+US20240354753A1,The only potentially defensible slice is a rollup-dispute-specific readiness measurement with explicit false-accept and correlation assumptions.,"Patent closure shows audit-triggered threshold-share release, secret-share retrievability checks, and proof-like can-decrypt pressure, especially from US20240354753A1.",Patent coverage remains bounded; absence of a patent-level direct hit is not proof that the narrow slice is free of anticipation.,C001,research-case/01-novelty/novelty-matrix.csv,ANALYTIC_DRAFT,NOVELTY_UNRESOLVED
C001,Shutter+Fhenix+Optimism,KEYSTONE cannot claim first rollup/L2 threshold-release architecture and must stay with a dispute-specific serviceability property plus audit analysis.,"Public Shutter, Fhenix, and Optimism documents already crowd trigger-based threshold release, threshold-decryption networks, and dispute-game context.",Official-doc coverage is bounded and may understate additional unpublished or private architecture overlap.,C001,research-case/01-novelty/novelty-matrix.csv,ANALYTIC_DRAFT,NOVELTY_UNRESOLVED
C002,NOVELTY_SURFACE_NOT_APPLICABLE,"C002 is a feasibility hypothesis, so this novelty package only blocks overclaim carryover into feasibility reasoning.","No predecessor mapping in this folder can verify the workspace prototype, tests, measurements, or remaining execution constraints described in C002.",C002 remains E1 ASSERTED and requires FEASIBILITY_GATE evidence outside the novelty package.,C002,research-case/01-novelty/novelty-matrix.csv,ANALYTIC_DRAFT,NOVELTY_UNRESOLVED
C003,Composite-Predecessor-Cluster,"In this canonical CSV, `C003` is the charter-level solution-viability hypothesis from `program-charter.md`, not the narrower false-accept supporting claim labeled `C003` in `novelty-claim-specification.md`. At the charter level, any surviving `C003` reading is only a narrow property/composition/analysis hypothesis built from inherited primitives and crowded architecture surfaces.","PeerDAS, Ferveo, BEAT-MEV, Context-Dependent Threshold Decryption, UQ-Vote, Long Live The Honey Badger, classical threshold-decryption proofs, patents, and design docs collectively defeat any primitive, first-system, or broad architecture reading.","No single supplied source fully defeats the exact pre-authorization canary audit plus false-accept plus correlation-analysis combination, but that residual observation does not upgrade the narrower claim-spec `C003`; it only leaves the charter-level solution-viability hypothesis unresolved.",C003,research-case/01-novelty/novelty-matrix.csv,ANALYTIC_DRAFT,NOVELTY_UNRESOLVED
