result_id,claim_ids,mpp_lane,result_class,decision_role,experimental_unit,denominator,planned_replicates,environment_status,execution_status,authorized,independent,observed_outcome,output_status,historical_output_reuse,green_rule,amber_rule,red_stop_rule,required_predecessors,planned_output
RID-C001-SEP-001,C001,MINIMUM_SHORT_PAPER_CORE,DETERMINISTIC_OBLIGATION,PRIMARY_SEPARATION,preserved counterexample class,counterexample classes per stated model variant,EXHAUSTIVE_STATED_MODEL_VARIANTS,LOCAL_SYNTHETIC_FROZEN,BLOCKED_PENDING_GATE,false,false,NOT_COLLECTED,MISSING_NOT_AUTHORIZED,PROHIBITED_AS_CONFIRMATORY_EVIDENCE,Every stated variant has a reproducible witness,A variant or wording remains underspecified; no execution,Any required witness fails or novelty defeats the bounded distinction,PC01 authority verified|PC02 narrow novelty safely disposed|PC03 prospective design amendment independently verified,05-analysis/results/confirmatory/RID-C001-SEP-001.json
RID-C001-STATIC-001,C001|C003,MINIMUM_SHORT_PAPER_CORE,ANALYTIC_CALCULATION,PRIMARY_STATIC_BOUND,frozen parameter cell,exact parameter cells under one semantics,EXHAUSTIVE_FROZEN_PARAMETER_CELLS,LOCAL_SYNTHETIC_FROZEN,BLOCKED_PENDING_GATE,false,false,NOT_COLLECTED,MISSING_NOT_AUTHORIZED,PROHIBITED_AS_CONFIRMATORY_EVIDENCE,Independent exact implementations agree on every frozen cell,Semantics or parameter-cell closure is incomplete; no execution,Any exact mismatch or silent semantics drift,PC01 authority verified|PC02 narrow novelty safely disposed|PC03 prospective design amendment independently verified,05-analysis/results/confirmatory/RID-C001-STATIC-001.json
RID-C002-CRYPTO-001,C002|C003,MINIMUM_SHORT_PAPER_CORE,DETERMINISTIC_OBLIGATION,PROTOTYPE_CORRECTNESS,named cryptographic correctness case,required threshold invalid-partial stale-context replay and ciphertext-boundary cases,EXHAUSTIVE_NAMED_CASE_SET,LOCAL_NON_PRODUCTION_FROZEN,BLOCKED_PENDING_GATE,false,false,NOT_COLLECTED,MISSING_NOT_AUTHORIZED,PROHIBITED_AS_CONFIRMATORY_EVIDENCE,Every prespecified case matches its expected pass or fail outcome,Named-case inventory or independent reproduction setup is incomplete; no execution,Any threshold boundary context binding or invalid-partial rejection failure,PC01 authority verified|PC02 narrow novelty safely disposed|PC03 prospective design amendment independently verified,05-analysis/results/confirmatory/RID-C002-CRYPTO-001.json
RID-C002-CONTRACT-001,C002,MINIMUM_SHORT_PAPER_CORE,DETERMINISTIC_OBLIGATION,CONTRACT_EVIDENCE_BOUNDARY,complete named lifecycle trace,required success missing invalid and equivocation lifecycle cases,EXHAUSTIVE_NAMED_CASE_SET,LOCAL_NON_PRODUCTION_FROZEN,BLOCKED_PENDING_GATE,false,false,NOT_COLLECTED,MISSING_NOT_AUTHORIZED,PROHIBITED_AS_CONFIRMATORY_EVIDENCE,Every prespecified lifecycle case matches its expected state and evidence record,Case inventory or toolchain freeze is incomplete; no execution,Any invalid transition evidence omission or equivocation-handling failure,PC01 authority verified|PC02 narrow novelty safely disposed|PC03 prospective design amendment independently verified,05-analysis/results/confirmatory/RID-C002-CONTRACT-001.json
RID-C003-IID-001,C003,MINIMUM_SHORT_PAPER_SUPPORT,STOCHASTIC_SCENARIO_FAMILY,MODEL_QUALIFICATION,one prespecified seed block containing 4096 independent model draws,131072 prespecified draws plus 32 blockwise estimates per IID cell,32_PRIMARY_SEED_BLOCKS_X_4096_DRAWS_PER_CELL_PLUS_4_RESERVE,LOCAL_SYNTHETIC_FROZEN,BLOCKED_PENDING_GATE,false,false,NOT_COLLECTED,MISSING_NOT_AUTHORIZED,PROHIBITED_AS_CONFIRMATORY_EVIDENCE,All cells meet the simultaneous +/-0.005 family bound and block reporting contract,Count is frozen but independent review or execution authority remains open; no execution,Retrofitted threshold invalid pooling overlapping streams or unmet frozen count,PC01 authority verified|PC02 narrow novelty safely disposed|PC03 prospective design amendment independently verified|PC03 count and seed contract,05-analysis/results/confirmatory/RID-C003-IID-001.csv
RID-C003-CORR-001,C003,MINIMUM_SHORT_PAPER_SUPPORT,STOCHASTIC_SCENARIO_FAMILY,CORRELATION_QUALIFICATION,excluded pending truthful domain-label source,no confirmatory denominator while excluded,EXCLUDED_PENDING_TRUTHFUL_DOMAIN_LABEL_SOURCE,EXCLUDED_PENDING_TRUTHFUL_DOMAIN_LABEL_SOURCE,EXCLUDED_PENDING_TRUTHFUL_DOMAIN_LABEL_SOURCE,false,false,NOT_COLLECTED,MISSING_NOT_AUTHORIZED,PROHIBITED_AS_CONFIRMATORY_EVIDENCE,A later amendment freezes truthful domain labels placement comparator and count,Excluded from the minimum confirmatory run,Any correlated confirmatory execution or claim before the missing contract is frozen,PC01 authority verified|PC02 narrow novelty safely disposed|PC03 prospective design amendment independently verified|separate correlated-domain amendment,05-analysis/results/confirmatory/RID-C003-CORR-001.csv
RID-C003-STRAT-001,C003,MINIMUM_SHORT_PAPER_SUPPORT,PAIRED_COMPARISON,SAMPLING_POLICY_QUALIFICATION,one matched seed block containing 4096 common-random-number policy pairs,131072 matched draws plus 32 blockwise paired estimates per sample-size cell,32_PRIMARY_SEED_BLOCKS_X_4096_DRAWS_PER_CELL_PLUS_4_RESERVE,LOCAL_SYNTHETIC_MATCHED_STREAMS_FROZEN,BLOCKED_PENDING_GATE,false,false,NOT_COLLECTED,MISSING_NOT_AUTHORIZED,PROHIBITED_AS_CONFIRMATORY_EVIDENCE,All cells meet the simultaneous +/-0.01 paired-gap family bound,Count is frozen but independent review or execution authority remains open; no execution,Unpaired substitution invalid pooling overlapping streams or unmet frozen count,PC01 authority verified|PC02 narrow novelty safely disposed|PC03 prospective design amendment independently verified|PC03 paired count and seed contract,05-analysis/results/confirmatory/RID-C003-STRAT-001.csv
RID-C003-SW-001,C003,MINIMUM_SHORT_PAPER_CORE,PAIRED_NEGATIVE_RESULT,DECISIVE_LIMITATION,one seed block containing 4096 draws with both audit and dispute outcomes,131072 paired draws plus 32 blockwise gap estimates per adversary cell,32_PRIMARY_SEED_BLOCKS_X_4096_DRAWS_PER_CELL_PLUS_4_RESERVE,LOCAL_SYNTHETIC_ADVERSARY_CELLS_FROZEN,BLOCKED_PENDING_GATE,false,false,NOT_COLLECTED,MISSING_NOT_AUTHORIZED,PROHIBITED_AS_CONFIRMATORY_EVIDENCE,All cells meet the simultaneous +/-0.01 paired-gap family bound and the limitation is reported regardless of direction,Count is frozen but independent review or execution authority remains open; no execution,Outcome suppression unpaired treatment overlapping streams retrofitted threshold or claim expansion,PC01 authority verified|PC02 narrow novelty safely disposed|PC03 prospective design amendment independently verified|PC03 paired count and seed contract,05-analysis/results/confirmatory/RID-C003-SW-001.csv
RID-C003-DEADLINE-001,C003,EXTENDED_FULL_PAPER,DISTRIBUTED_TRACE_BENCHMARK,CONDITIONAL_DEADLINE_LIVENESS,excluded pending environment profile,no trace-level denominator while excluded,EXCLUDED_PENDING_ENVIRONMENT_PROFILE,EXCLUDED_PENDING_ENVIRONMENT_PROFILE,EXCLUDED_PENDING_ENVIRONMENT_PROFILE,false,false,NOT_COLLECTED,MISSING_NOT_AUTHORIZED,PROHIBITED_AS_CONFIRMATORY_EVIDENCE,Environment profile deadline interpretation precision target and per-profile count are frozen by a later amendment,Excluded until profile trace denominator and deadline target are prospectively frozen,Any execution before environment freeze live systems or secrets unsupported SLA wording or invalid pooling,PC01 authority verified|PC02 narrow novelty safely disposed|PC03 prospective design amendment independently verified|separate deadline environment and precision amendment,05-analysis/results/confirmatory/RID-C003-DEADLINE-001.csv
