result_id,cell_id,block_index,role,seed,seed_derivation,draws,execution_status
RID-C003-IID-001,iid-10pct-uniform;n=32;t=22;s=8;q=8;p_offline=0.10,1,PRIMARY,10380575153879834220,SHA256(KEYSTONE-MPP-F1|PC03|v2|RID-C003-IID-001|iid-10pct-uniform;n=32;t=22;s=8;q=8;p_offline=0.10|01)[0:8]_BIG_ENDIAN,4096,BLOCKED_PENDING_GATE
RID-C003-IID-001,iid-10pct-uniform;n=32;t=22;s=8;q=8;p_offline=0.10,2,PRIMARY,18342424987993016214,SHA256(KEYSTONE-MPP-F1|PC03|v2|RID-C003-IID-001|iid-10pct-uniform;n=32;t=22;s=8;q=8;p_offline=0.10|02)[0:8]_BIG_ENDIAN,4096,BLOCKED_PENDING_GATE
RID-C003-IID-001,iid-10pct-uniform;n=32;t=22;s=8;q=8;p_offline=0.10,3,PRIMARY,6078639142805334533,SHA256(KEYSTONE-MPP-F1|PC03|v2|RID-C003-IID-001|iid-10pct-uniform;n=32;t=22;s=8;q=8;p_offline=0.10|03)[0:8]_BIG_ENDIAN,4096,BLOCKED_PENDING_GATE
RID-C003-IID-001,iid-10pct-uniform;n=32;t=22;s=8;q=8;p_offline=0.10,4,PRIMARY,17653308815182326766,SHA256(KEYSTONE-MPP-F1|PC03|v2|RID-C003-IID-001|iid-10pct-uniform;n=32;t=22;s=8;q=8;p_offline=0.10|04)[0:8]_BIG_ENDIAN,4096,BLOCKED_PENDING_GATE
RID-C003-IID-001,iid-10pct-uniform;n=32;t=22;s=8;q=8;p_offline=0.10,5,PRIMARY,14043547626345490990,SHA256(KEYSTONE-MPP-F1|PC03|v2|RID-C003-IID-001|iid-10pct-uniform;n=32;t=22;s=8;q=8;p_offline=0.10|05)[0:8]_BIG_ENDIAN,4096,BLOCKED_PENDING_GATE
RID-C003-IID-001,iid-10pct-uniform;n=32;t=22;s=8;q=8;p_offline=0.10,6,PRIMARY,11626799546497674630,SHA256(KEYSTONE-MPP-F1|PC03|v2|RID-C003-IID-001|iid-10pct-uniform;n=32;t=22;s=8;q=8;p_offline=0.10|06)[0:8]_BIG_ENDIAN,4096,BLOCKED_PENDING_GATE
RID-C003-IID-001,iid-10pct-uniform;n=32;t=22;s=8;q=8;p_offline=0.10,7,PRIMARY,9407716276862622626,SHA256(KEYSTONE-MPP-F1|PC03|v2|RID-C003-IID-001|iid-10pct-uniform;n=32;t=22;s=8;q=8;p_offline=0.10|07)[0:8]_BIG_ENDIAN,4096,BLOCKED_PENDING_GATE
RID-C003-IID-001,iid-10pct-uniform;n=32;t=22;s=8;q=8;p_offline=0.10,8,PRIMARY,2837533041132151613,SHA256(KEYSTONE-MPP-F1|PC03|v2|RID-C003-IID-001|iid-10pct-uniform;n=32;t=22;s=8;q=8;p_offline=0.10|08)[0:8]_BIG_ENDIAN,4096,BLOCKED_PENDING_GATE
RID-C003-IID-001,iid-10pct-uniform;n=32;t=22;s=8;q=8;p_offline=0.10,9,PRIMARY,17502916307995738959,SHA256(KEYSTONE-MPP-F1|PC03|v2|RID-C003-IID-001|iid-10pct-uniform;n=32;t=22;s=8;q=8;p_offline=0.10|09)[0:8]_BIG_ENDIAN,4096,BLOCKED_PENDING_GATE
RID-C003-IID-001,iid-10pct-uniform;n=32;t=22;s=8;q=8;p_offline=0.10,10,PRIMARY,2509212103236131427,SHA256(KEYSTONE-MPP-F1|PC03|v2|RID-C003-IID-001|iid-10pct-uniform;n=32;t=22;s=8;q=8;p_offline=0.10|10)[0:8]_BIG_ENDIAN,4096,BLOCKED_PENDING_GATE
RID-C003-IID-001,iid-10pct-uniform;n=32;t=22;s=8;q=8;p_offline=0.10,11,PRIMARY,3608348194270011903,SHA256(KEYSTONE-MPP-F1|PC03|v2|RID-C003-IID-001|iid-10pct-uniform;n=32;t=22;s=8;q=8;p_offline=0.10|11)[0:8]_BIG_ENDIAN,4096,BLOCKED_PENDING_GATE
RID-C003-IID-001,iid-10pct-uniform;n=32;t=22;s=8;q=8;p_offline=0.10,12,PRIMARY,5438847560263546044,SHA256(KEYSTONE-MPP-F1|PC03|v2|RID-C003-IID-001|iid-10pct-uniform;n=32;t=22;s=8;q=8;p_offline=0.10|12)[0:8]_BIG_ENDIAN,4096,BLOCKED_PENDING_GATE
RID-C003-IID-001,iid-10pct-uniform;n=32;t=22;s=8;q=8;p_offline=0.10,13,PRIMARY,12931953318199590149,SHA256(KEYSTONE-MPP-F1|PC03|v2|RID-C003-IID-001|iid-10pct-uniform;n=32;t=22;s=8;q=8;p_offline=0.10|13)[0:8]_BIG_ENDIAN,4096,BLOCKED_PENDING_GATE
RID-C003-IID-001,iid-10pct-uniform;n=32;t=22;s=8;q=8;p_offline=0.10,14,PRIMARY,11920899675698260929,SHA256(KEYSTONE-MPP-F1|PC03|v2|RID-C003-IID-001|iid-10pct-uniform;n=32;t=22;s=8;q=8;p_offline=0.10|14)[0:8]_BIG_ENDIAN,4096,BLOCKED_PENDING_GATE
RID-C003-IID-001,iid-10pct-uniform;n=32;t=22;s=8;q=8;p_offline=0.10,15,PRIMARY,15132290153712757509,SHA256(KEYSTONE-MPP-F1|PC03|v2|RID-C003-IID-001|iid-10pct-uniform;n=32;t=22;s=8;q=8;p_offline=0.10|15)[0:8]_BIG_ENDIAN,4096,BLOCKED_PENDING_GATE
RID-C003-IID-001,iid-10pct-uniform;n=32;t=22;s=8;q=8;p_offline=0.10,16,PRIMARY,13841626919014590413,SHA256(KEYSTONE-MPP-F1|PC03|v2|RID-C003-IID-001|iid-10pct-uniform;n=32;t=22;s=8;q=8;p_offline=0.10|16)[0:8]_BIG_ENDIAN,4096,BLOCKED_PENDING_GATE
RID-C003-IID-001,iid-10pct-uniform;n=32;t=22;s=8;q=8;p_offline=0.10,17,PRIMARY,17312602667251736334,SHA256(KEYSTONE-MPP-F1|PC03|v2|RID-C003-IID-001|iid-10pct-uniform;n=32;t=22;s=8;q=8;p_offline=0.10|17)[0:8]_BIG_ENDIAN,4096,BLOCKED_PENDING_GATE
RID-C003-IID-001,iid-10pct-uniform;n=32;t=22;s=8;q=8;p_offline=0.10,18,PRIMARY,16563082548839079920,SHA256(KEYSTONE-MPP-F1|PC03|v2|RID-C003-IID-001|iid-10pct-uniform;n=32;t=22;s=8;q=8;p_offline=0.10|18)[0:8]_BIG_ENDIAN,4096,BLOCKED_PENDING_GATE
RID-C003-IID-001,iid-10pct-uniform;n=32;t=22;s=8;q=8;p_offline=0.10,19,PRIMARY,15631875020244749172,SHA256(KEYSTONE-MPP-F1|PC03|v2|RID-C003-IID-001|iid-10pct-uniform;n=32;t=22;s=8;q=8;p_offline=0.10|19)[0:8]_BIG_ENDIAN,4096,BLOCKED_PENDING_GATE
RID-C003-IID-001,iid-10pct-uniform;n=32;t=22;s=8;q=8;p_offline=0.10,20,PRIMARY,2341388551729601096,SHA256(KEYSTONE-MPP-F1|PC03|v2|RID-C003-IID-001|iid-10pct-uniform;n=32;t=22;s=8;q=8;p_offline=0.10|20)[0:8]_BIG_ENDIAN,4096,BLOCKED_PENDING_GATE
RID-C003-IID-001,iid-10pct-uniform;n=32;t=22;s=8;q=8;p_offline=0.10,21,PRIMARY,8348145658065203682,SHA256(KEYSTONE-MPP-F1|PC03|v2|RID-C003-IID-001|iid-10pct-uniform;n=32;t=22;s=8;q=8;p_offline=0.10|21)[0:8]_BIG_ENDIAN,4096,BLOCKED_PENDING_GATE
RID-C003-IID-001,iid-10pct-uniform;n=32;t=22;s=8;q=8;p_offline=0.10,22,PRIMARY,15691374813910069680,SHA256(KEYSTONE-MPP-F1|PC03|v2|RID-C003-IID-001|iid-10pct-uniform;n=32;t=22;s=8;q=8;p_offline=0.10|22)[0:8]_BIG_ENDIAN,4096,BLOCKED_PENDING_GATE
RID-C003-IID-001,iid-10pct-uniform;n=32;t=22;s=8;q=8;p_offline=0.10,23,PRIMARY,12772881744531609301,SHA256(KEYSTONE-MPP-F1|PC03|v2|RID-C003-IID-001|iid-10pct-uniform;n=32;t=22;s=8;q=8;p_offline=0.10|23)[0:8]_BIG_ENDIAN,4096,BLOCKED_PENDING_GATE
RID-C003-IID-001,iid-10pct-uniform;n=32;t=22;s=8;q=8;p_offline=0.10,24,PRIMARY,7287015501392126381,SHA256(KEYSTONE-MPP-F1|PC03|v2|RID-C003-IID-001|iid-10pct-uniform;n=32;t=22;s=8;q=8;p_offline=0.10|24)[0:8]_BIG_ENDIAN,4096,BLOCKED_PENDING_GATE
RID-C003-IID-001,iid-10pct-uniform;n=32;t=22;s=8;q=8;p_offline=0.10,25,PRIMARY,13354489834370275282,SHA256(KEYSTONE-MPP-F1|PC03|v2|RID-C003-IID-001|iid-10pct-uniform;n=32;t=22;s=8;q=8;p_offline=0.10|25)[0:8]_BIG_ENDIAN,4096,BLOCKED_PENDING_GATE
RID-C003-IID-001,iid-10pct-uniform;n=32;t=22;s=8;q=8;p_offline=0.10,26,PRIMARY,9768534926482654738,SHA256(KEYSTONE-MPP-F1|PC03|v2|RID-C003-IID-001|iid-10pct-uniform;n=32;t=22;s=8;q=8;p_offline=0.10|26)[0:8]_BIG_ENDIAN,4096,BLOCKED_PENDING_GATE
RID-C003-IID-001,iid-10pct-uniform;n=32;t=22;s=8;q=8;p_offline=0.10,27,PRIMARY,15108032596691228729,SHA256(KEYSTONE-MPP-F1|PC03|v2|RID-C003-IID-001|iid-10pct-uniform;n=32;t=22;s=8;q=8;p_offline=0.10|27)[0:8]_BIG_ENDIAN,4096,BLOCKED_PENDING_GATE
RID-C003-IID-001,iid-10pct-uniform;n=32;t=22;s=8;q=8;p_offline=0.10,28,PRIMARY,17875847072285195723,SHA256(KEYSTONE-MPP-F1|PC03|v2|RID-C003-IID-001|iid-10pct-uniform;n=32;t=22;s=8;q=8;p_offline=0.10|28)[0:8]_BIG_ENDIAN,4096,BLOCKED_PENDING_GATE
RID-C003-IID-001,iid-10pct-uniform;n=32;t=22;s=8;q=8;p_offline=0.10,29,PRIMARY,13966161646848831726,SHA256(KEYSTONE-MPP-F1|PC03|v2|RID-C003-IID-001|iid-10pct-uniform;n=32;t=22;s=8;q=8;p_offline=0.10|29)[0:8]_BIG_ENDIAN,4096,BLOCKED_PENDING_GATE
RID-C003-IID-001,iid-10pct-uniform;n=32;t=22;s=8;q=8;p_offline=0.10,30,PRIMARY,4550984010584710420,SHA256(KEYSTONE-MPP-F1|PC03|v2|RID-C003-IID-001|iid-10pct-uniform;n=32;t=22;s=8;q=8;p_offline=0.10|30)[0:8]_BIG_ENDIAN,4096,BLOCKED_PENDING_GATE
RID-C003-IID-001,iid-10pct-uniform;n=32;t=22;s=8;q=8;p_offline=0.10,31,PRIMARY,6992644805913828030,SHA256(KEYSTONE-MPP-F1|PC03|v2|RID-C003-IID-001|iid-10pct-uniform;n=32;t=22;s=8;q=8;p_offline=0.10|31)[0:8]_BIG_ENDIAN,4096,BLOCKED_PENDING_GATE
RID-C003-IID-001,iid-10pct-uniform;n=32;t=22;s=8;q=8;p_offline=0.10,32,PRIMARY,17348723440572032690,SHA256(KEYSTONE-MPP-F1|PC03|v2|RID-C003-IID-001|iid-10pct-uniform;n=32;t=22;s=8;q=8;p_offline=0.10|32)[0:8]_BIG_ENDIAN,4096,BLOCKED_PENDING_GATE
RID-C003-IID-001,iid-10pct-uniform;n=32;t=22;s=8;q=8;p_offline=0.10,33,RESERVE,9623417535432577201,SHA256(KEYSTONE-MPP-F1|PC03|v2|RID-C003-IID-001|iid-10pct-uniform;n=32;t=22;s=8;q=8;p_offline=0.10|33)[0:8]_BIG_ENDIAN,4096,BLOCKED_PENDING_GATE
RID-C003-IID-001,iid-10pct-uniform;n=32;t=22;s=8;q=8;p_offline=0.10,34,RESERVE,14084788856006779941,SHA256(KEYSTONE-MPP-F1|PC03|v2|RID-C003-IID-001|iid-10pct-uniform;n=32;t=22;s=8;q=8;p_offline=0.10|34)[0:8]_BIG_ENDIAN,4096,BLOCKED_PENDING_GATE
RID-C003-IID-001,iid-10pct-uniform;n=32;t=22;s=8;q=8;p_offline=0.10,35,RESERVE,14101927815425479949,SHA256(KEYSTONE-MPP-F1|PC03|v2|RID-C003-IID-001|iid-10pct-uniform;n=32;t=22;s=8;q=8;p_offline=0.10|35)[0:8]_BIG_ENDIAN,4096,BLOCKED_PENDING_GATE
RID-C003-IID-001,iid-10pct-uniform;n=32;t=22;s=8;q=8;p_offline=0.10,36,RESERVE,2292881259490699835,SHA256(KEYSTONE-MPP-F1|PC03|v2|RID-C003-IID-001|iid-10pct-uniform;n=32;t=22;s=8;q=8;p_offline=0.10|36)[0:8]_BIG_ENDIAN,4096,BLOCKED_PENDING_GATE
RID-C003-STRAT-001,domain-outage-20pct;sample-size-8;uniform-vs-stratified;domains=4,1,PRIMARY,7401695892363161334,SHA256(KEYSTONE-MPP-F1|PC03|v2|RID-C003-STRAT-001|domain-outage-20pct;sample-size-8;uniform-vs-stratified;domains=4|01)[0:8]_BIG_ENDIAN,4096,BLOCKED_PENDING_GATE
RID-C003-STRAT-001,domain-outage-20pct;sample-size-8;uniform-vs-stratified;domains=4,2,PRIMARY,15268439820978587133,SHA256(KEYSTONE-MPP-F1|PC03|v2|RID-C003-STRAT-001|domain-outage-20pct;sample-size-8;uniform-vs-stratified;domains=4|02)[0:8]_BIG_ENDIAN,4096,BLOCKED_PENDING_GATE
RID-C003-STRAT-001,domain-outage-20pct;sample-size-8;uniform-vs-stratified;domains=4,3,PRIMARY,16495526370113809686,SHA256(KEYSTONE-MPP-F1|PC03|v2|RID-C003-STRAT-001|domain-outage-20pct;sample-size-8;uniform-vs-stratified;domains=4|03)[0:8]_BIG_ENDIAN,4096,BLOCKED_PENDING_GATE
RID-C003-STRAT-001,domain-outage-20pct;sample-size-8;uniform-vs-stratified;domains=4,4,PRIMARY,7316217470518557651,SHA256(KEYSTONE-MPP-F1|PC03|v2|RID-C003-STRAT-001|domain-outage-20pct;sample-size-8;uniform-vs-stratified;domains=4|04)[0:8]_BIG_ENDIAN,4096,BLOCKED_PENDING_GATE
RID-C003-STRAT-001,domain-outage-20pct;sample-size-8;uniform-vs-stratified;domains=4,5,PRIMARY,210551347525206320,SHA256(KEYSTONE-MPP-F1|PC03|v2|RID-C003-STRAT-001|domain-outage-20pct;sample-size-8;uniform-vs-stratified;domains=4|05)[0:8]_BIG_ENDIAN,4096,BLOCKED_PENDING_GATE
RID-C003-STRAT-001,domain-outage-20pct;sample-size-8;uniform-vs-stratified;domains=4,6,PRIMARY,665419337358733131,SHA256(KEYSTONE-MPP-F1|PC03|v2|RID-C003-STRAT-001|domain-outage-20pct;sample-size-8;uniform-vs-stratified;domains=4|06)[0:8]_BIG_ENDIAN,4096,BLOCKED_PENDING_GATE
RID-C003-STRAT-001,domain-outage-20pct;sample-size-8;uniform-vs-stratified;domains=4,7,PRIMARY,14555733968790721312,SHA256(KEYSTONE-MPP-F1|PC03|v2|RID-C003-STRAT-001|domain-outage-20pct;sample-size-8;uniform-vs-stratified;domains=4|07)[0:8]_BIG_ENDIAN,4096,BLOCKED_PENDING_GATE
RID-C003-STRAT-001,domain-outage-20pct;sample-size-8;uniform-vs-stratified;domains=4,8,PRIMARY,1478926575971153465,SHA256(KEYSTONE-MPP-F1|PC03|v2|RID-C003-STRAT-001|domain-outage-20pct;sample-size-8;uniform-vs-stratified;domains=4|08)[0:8]_BIG_ENDIAN,4096,BLOCKED_PENDING_GATE
RID-C003-STRAT-001,domain-outage-20pct;sample-size-8;uniform-vs-stratified;domains=4,9,PRIMARY,10652233283413193518,SHA256(KEYSTONE-MPP-F1|PC03|v2|RID-C003-STRAT-001|domain-outage-20pct;sample-size-8;uniform-vs-stratified;domains=4|09)[0:8]_BIG_ENDIAN,4096,BLOCKED_PENDING_GATE
RID-C003-STRAT-001,domain-outage-20pct;sample-size-8;uniform-vs-stratified;domains=4,10,PRIMARY,16477414081103597487,SHA256(KEYSTONE-MPP-F1|PC03|v2|RID-C003-STRAT-001|domain-outage-20pct;sample-size-8;uniform-vs-stratified;domains=4|10)[0:8]_BIG_ENDIAN,4096,BLOCKED_PENDING_GATE
RID-C003-STRAT-001,domain-outage-20pct;sample-size-8;uniform-vs-stratified;domains=4,11,PRIMARY,9775853751449706459,SHA256(KEYSTONE-MPP-F1|PC03|v2|RID-C003-STRAT-001|domain-outage-20pct;sample-size-8;uniform-vs-stratified;domains=4|11)[0:8]_BIG_ENDIAN,4096,BLOCKED_PENDING_GATE
RID-C003-STRAT-001,domain-outage-20pct;sample-size-8;uniform-vs-stratified;domains=4,12,PRIMARY,7708297913967367482,SHA256(KEYSTONE-MPP-F1|PC03|v2|RID-C003-STRAT-001|domain-outage-20pct;sample-size-8;uniform-vs-stratified;domains=4|12)[0:8]_BIG_ENDIAN,4096,BLOCKED_PENDING_GATE
RID-C003-STRAT-001,domain-outage-20pct;sample-size-8;uniform-vs-stratified;domains=4,13,PRIMARY,18107360252024114577,SHA256(KEYSTONE-MPP-F1|PC03|v2|RID-C003-STRAT-001|domain-outage-20pct;sample-size-8;uniform-vs-stratified;domains=4|13)[0:8]_BIG_ENDIAN,4096,BLOCKED_PENDING_GATE
RID-C003-STRAT-001,domain-outage-20pct;sample-size-8;uniform-vs-stratified;domains=4,14,PRIMARY,17653926878378698759,SHA256(KEYSTONE-MPP-F1|PC03|v2|RID-C003-STRAT-001|domain-outage-20pct;sample-size-8;uniform-vs-stratified;domains=4|14)[0:8]_BIG_ENDIAN,4096,BLOCKED_PENDING_GATE
RID-C003-STRAT-001,domain-outage-20pct;sample-size-8;uniform-vs-stratified;domains=4,15,PRIMARY,13149547359003874059,SHA256(KEYSTONE-MPP-F1|PC03|v2|RID-C003-STRAT-001|domain-outage-20pct;sample-size-8;uniform-vs-stratified;domains=4|15)[0:8]_BIG_ENDIAN,4096,BLOCKED_PENDING_GATE
RID-C003-STRAT-001,domain-outage-20pct;sample-size-8;uniform-vs-stratified;domains=4,16,PRIMARY,13368073695027101463,SHA256(KEYSTONE-MPP-F1|PC03|v2|RID-C003-STRAT-001|domain-outage-20pct;sample-size-8;uniform-vs-stratified;domains=4|16)[0:8]_BIG_ENDIAN,4096,BLOCKED_PENDING_GATE
RID-C003-STRAT-001,domain-outage-20pct;sample-size-8;uniform-vs-stratified;domains=4,17,PRIMARY,3875468287775233122,SHA256(KEYSTONE-MPP-F1|PC03|v2|RID-C003-STRAT-001|domain-outage-20pct;sample-size-8;uniform-vs-stratified;domains=4|17)[0:8]_BIG_ENDIAN,4096,BLOCKED_PENDING_GATE
RID-C003-STRAT-001,domain-outage-20pct;sample-size-8;uniform-vs-stratified;domains=4,18,PRIMARY,7197417395858559685,SHA256(KEYSTONE-MPP-F1|PC03|v2|RID-C003-STRAT-001|domain-outage-20pct;sample-size-8;uniform-vs-stratified;domains=4|18)[0:8]_BIG_ENDIAN,4096,BLOCKED_PENDING_GATE
RID-C003-STRAT-001,domain-outage-20pct;sample-size-8;uniform-vs-stratified;domains=4,19,PRIMARY,730515406816645676,SHA256(KEYSTONE-MPP-F1|PC03|v2|RID-C003-STRAT-001|domain-outage-20pct;sample-size-8;uniform-vs-stratified;domains=4|19)[0:8]_BIG_ENDIAN,4096,BLOCKED_PENDING_GATE
RID-C003-STRAT-001,domain-outage-20pct;sample-size-8;uniform-vs-stratified;domains=4,20,PRIMARY,247406465495397021,SHA256(KEYSTONE-MPP-F1|PC03|v2|RID-C003-STRAT-001|domain-outage-20pct;sample-size-8;uniform-vs-stratified;domains=4|20)[0:8]_BIG_ENDIAN,4096,BLOCKED_PENDING_GATE
RID-C003-STRAT-001,domain-outage-20pct;sample-size-8;uniform-vs-stratified;domains=4,21,PRIMARY,3175524708917002371,SHA256(KEYSTONE-MPP-F1|PC03|v2|RID-C003-STRAT-001|domain-outage-20pct;sample-size-8;uniform-vs-stratified;domains=4|21)[0:8]_BIG_ENDIAN,4096,BLOCKED_PENDING_GATE
RID-C003-STRAT-001,domain-outage-20pct;sample-size-8;uniform-vs-stratified;domains=4,22,PRIMARY,8064372651026946159,SHA256(KEYSTONE-MPP-F1|PC03|v2|RID-C003-STRAT-001|domain-outage-20pct;sample-size-8;uniform-vs-stratified;domains=4|22)[0:8]_BIG_ENDIAN,4096,BLOCKED_PENDING_GATE
RID-C003-STRAT-001,domain-outage-20pct;sample-size-8;uniform-vs-stratified;domains=4,23,PRIMARY,10092188825610038357,SHA256(KEYSTONE-MPP-F1|PC03|v2|RID-C003-STRAT-001|domain-outage-20pct;sample-size-8;uniform-vs-stratified;domains=4|23)[0:8]_BIG_ENDIAN,4096,BLOCKED_PENDING_GATE
RID-C003-STRAT-001,domain-outage-20pct;sample-size-8;uniform-vs-stratified;domains=4,24,PRIMARY,7405574036597988668,SHA256(KEYSTONE-MPP-F1|PC03|v2|RID-C003-STRAT-001|domain-outage-20pct;sample-size-8;uniform-vs-stratified;domains=4|24)[0:8]_BIG_ENDIAN,4096,BLOCKED_PENDING_GATE
RID-C003-STRAT-001,domain-outage-20pct;sample-size-8;uniform-vs-stratified;domains=4,25,PRIMARY,17249629719722906374,SHA256(KEYSTONE-MPP-F1|PC03|v2|RID-C003-STRAT-001|domain-outage-20pct;sample-size-8;uniform-vs-stratified;domains=4|25)[0:8]_BIG_ENDIAN,4096,BLOCKED_PENDING_GATE
RID-C003-STRAT-001,domain-outage-20pct;sample-size-8;uniform-vs-stratified;domains=4,26,PRIMARY,3293888817494097008,SHA256(KEYSTONE-MPP-F1|PC03|v2|RID-C003-STRAT-001|domain-outage-20pct;sample-size-8;uniform-vs-stratified;domains=4|26)[0:8]_BIG_ENDIAN,4096,BLOCKED_PENDING_GATE
RID-C003-STRAT-001,domain-outage-20pct;sample-size-8;uniform-vs-stratified;domains=4,27,PRIMARY,12807449186786141190,SHA256(KEYSTONE-MPP-F1|PC03|v2|RID-C003-STRAT-001|domain-outage-20pct;sample-size-8;uniform-vs-stratified;domains=4|27)[0:8]_BIG_ENDIAN,4096,BLOCKED_PENDING_GATE
RID-C003-STRAT-001,domain-outage-20pct;sample-size-8;uniform-vs-stratified;domains=4,28,PRIMARY,14573236085812591988,SHA256(KEYSTONE-MPP-F1|PC03|v2|RID-C003-STRAT-001|domain-outage-20pct;sample-size-8;uniform-vs-stratified;domains=4|28)[0:8]_BIG_ENDIAN,4096,BLOCKED_PENDING_GATE
RID-C003-STRAT-001,domain-outage-20pct;sample-size-8;uniform-vs-stratified;domains=4,29,PRIMARY,13064528904335793029,SHA256(KEYSTONE-MPP-F1|PC03|v2|RID-C003-STRAT-001|domain-outage-20pct;sample-size-8;uniform-vs-stratified;domains=4|29)[0:8]_BIG_ENDIAN,4096,BLOCKED_PENDING_GATE
RID-C003-STRAT-001,domain-outage-20pct;sample-size-8;uniform-vs-stratified;domains=4,30,PRIMARY,11599371262926910290,SHA256(KEYSTONE-MPP-F1|PC03|v2|RID-C003-STRAT-001|domain-outage-20pct;sample-size-8;uniform-vs-stratified;domains=4|30)[0:8]_BIG_ENDIAN,4096,BLOCKED_PENDING_GATE
RID-C003-STRAT-001,domain-outage-20pct;sample-size-8;uniform-vs-stratified;domains=4,31,PRIMARY,2393744614044165691,SHA256(KEYSTONE-MPP-F1|PC03|v2|RID-C003-STRAT-001|domain-outage-20pct;sample-size-8;uniform-vs-stratified;domains=4|31)[0:8]_BIG_ENDIAN,4096,BLOCKED_PENDING_GATE
RID-C003-STRAT-001,domain-outage-20pct;sample-size-8;uniform-vs-stratified;domains=4,32,PRIMARY,8834316086303121528,SHA256(KEYSTONE-MPP-F1|PC03|v2|RID-C003-STRAT-001|domain-outage-20pct;sample-size-8;uniform-vs-stratified;domains=4|32)[0:8]_BIG_ENDIAN,4096,BLOCKED_PENDING_GATE
RID-C003-STRAT-001,domain-outage-20pct;sample-size-8;uniform-vs-stratified;domains=4,33,RESERVE,13735433678101906319,SHA256(KEYSTONE-MPP-F1|PC03|v2|RID-C003-STRAT-001|domain-outage-20pct;sample-size-8;uniform-vs-stratified;domains=4|33)[0:8]_BIG_ENDIAN,4096,BLOCKED_PENDING_GATE
RID-C003-STRAT-001,domain-outage-20pct;sample-size-8;uniform-vs-stratified;domains=4,34,RESERVE,17680301514036478521,SHA256(KEYSTONE-MPP-F1|PC03|v2|RID-C003-STRAT-001|domain-outage-20pct;sample-size-8;uniform-vs-stratified;domains=4|34)[0:8]_BIG_ENDIAN,4096,BLOCKED_PENDING_GATE
RID-C003-STRAT-001,domain-outage-20pct;sample-size-8;uniform-vs-stratified;domains=4,35,RESERVE,11560162788379497554,SHA256(KEYSTONE-MPP-F1|PC03|v2|RID-C003-STRAT-001|domain-outage-20pct;sample-size-8;uniform-vs-stratified;domains=4|35)[0:8]_BIG_ENDIAN,4096,BLOCKED_PENDING_GATE
RID-C003-STRAT-001,domain-outage-20pct;sample-size-8;uniform-vs-stratified;domains=4,36,RESERVE,10199824407820121316,SHA256(KEYSTONE-MPP-F1|PC03|v2|RID-C003-STRAT-001|domain-outage-20pct;sample-size-8;uniform-vs-stratified;domains=4|36)[0:8]_BIG_ENDIAN,4096,BLOCKED_PENDING_GATE
RID-C003-SW-001,selective-withholders-11;n=32;t=22;s=8;q=8,1,PRIMARY,6914035645751212883,SHA256(KEYSTONE-MPP-F1|PC03|v2|RID-C003-SW-001|selective-withholders-11;n=32;t=22;s=8;q=8|01)[0:8]_BIG_ENDIAN,4096,BLOCKED_PENDING_GATE
RID-C003-SW-001,selective-withholders-11;n=32;t=22;s=8;q=8,2,PRIMARY,8922346429870990991,SHA256(KEYSTONE-MPP-F1|PC03|v2|RID-C003-SW-001|selective-withholders-11;n=32;t=22;s=8;q=8|02)[0:8]_BIG_ENDIAN,4096,BLOCKED_PENDING_GATE
RID-C003-SW-001,selective-withholders-11;n=32;t=22;s=8;q=8,3,PRIMARY,15688119053337292470,SHA256(KEYSTONE-MPP-F1|PC03|v2|RID-C003-SW-001|selective-withholders-11;n=32;t=22;s=8;q=8|03)[0:8]_BIG_ENDIAN,4096,BLOCKED_PENDING_GATE
RID-C003-SW-001,selective-withholders-11;n=32;t=22;s=8;q=8,4,PRIMARY,16221181307477242531,SHA256(KEYSTONE-MPP-F1|PC03|v2|RID-C003-SW-001|selective-withholders-11;n=32;t=22;s=8;q=8|04)[0:8]_BIG_ENDIAN,4096,BLOCKED_PENDING_GATE
RID-C003-SW-001,selective-withholders-11;n=32;t=22;s=8;q=8,5,PRIMARY,10658504620990375770,SHA256(KEYSTONE-MPP-F1|PC03|v2|RID-C003-SW-001|selective-withholders-11;n=32;t=22;s=8;q=8|05)[0:8]_BIG_ENDIAN,4096,BLOCKED_PENDING_GATE
RID-C003-SW-001,selective-withholders-11;n=32;t=22;s=8;q=8,6,PRIMARY,17767613949454489350,SHA256(KEYSTONE-MPP-F1|PC03|v2|RID-C003-SW-001|selective-withholders-11;n=32;t=22;s=8;q=8|06)[0:8]_BIG_ENDIAN,4096,BLOCKED_PENDING_GATE
RID-C003-SW-001,selective-withholders-11;n=32;t=22;s=8;q=8,7,PRIMARY,6346407439225947004,SHA256(KEYSTONE-MPP-F1|PC03|v2|RID-C003-SW-001|selective-withholders-11;n=32;t=22;s=8;q=8|07)[0:8]_BIG_ENDIAN,4096,BLOCKED_PENDING_GATE
RID-C003-SW-001,selective-withholders-11;n=32;t=22;s=8;q=8,8,PRIMARY,18203607716102316774,SHA256(KEYSTONE-MPP-F1|PC03|v2|RID-C003-SW-001|selective-withholders-11;n=32;t=22;s=8;q=8|08)[0:8]_BIG_ENDIAN,4096,BLOCKED_PENDING_GATE
RID-C003-SW-001,selective-withholders-11;n=32;t=22;s=8;q=8,9,PRIMARY,115869176154027450,SHA256(KEYSTONE-MPP-F1|PC03|v2|RID-C003-SW-001|selective-withholders-11;n=32;t=22;s=8;q=8|09)[0:8]_BIG_ENDIAN,4096,BLOCKED_PENDING_GATE
RID-C003-SW-001,selective-withholders-11;n=32;t=22;s=8;q=8,10,PRIMARY,3477309039674429693,SHA256(KEYSTONE-MPP-F1|PC03|v2|RID-C003-SW-001|selective-withholders-11;n=32;t=22;s=8;q=8|10)[0:8]_BIG_ENDIAN,4096,BLOCKED_PENDING_GATE
RID-C003-SW-001,selective-withholders-11;n=32;t=22;s=8;q=8,11,PRIMARY,8237899080280533564,SHA256(KEYSTONE-MPP-F1|PC03|v2|RID-C003-SW-001|selective-withholders-11;n=32;t=22;s=8;q=8|11)[0:8]_BIG_ENDIAN,4096,BLOCKED_PENDING_GATE
RID-C003-SW-001,selective-withholders-11;n=32;t=22;s=8;q=8,12,PRIMARY,3934818156079156131,SHA256(KEYSTONE-MPP-F1|PC03|v2|RID-C003-SW-001|selective-withholders-11;n=32;t=22;s=8;q=8|12)[0:8]_BIG_ENDIAN,4096,BLOCKED_PENDING_GATE
RID-C003-SW-001,selective-withholders-11;n=32;t=22;s=8;q=8,13,PRIMARY,4488696222896249218,SHA256(KEYSTONE-MPP-F1|PC03|v2|RID-C003-SW-001|selective-withholders-11;n=32;t=22;s=8;q=8|13)[0:8]_BIG_ENDIAN,4096,BLOCKED_PENDING_GATE
RID-C003-SW-001,selective-withholders-11;n=32;t=22;s=8;q=8,14,PRIMARY,8320304772433178300,SHA256(KEYSTONE-MPP-F1|PC03|v2|RID-C003-SW-001|selective-withholders-11;n=32;t=22;s=8;q=8|14)[0:8]_BIG_ENDIAN,4096,BLOCKED_PENDING_GATE
RID-C003-SW-001,selective-withholders-11;n=32;t=22;s=8;q=8,15,PRIMARY,8775768256251369873,SHA256(KEYSTONE-MPP-F1|PC03|v2|RID-C003-SW-001|selective-withholders-11;n=32;t=22;s=8;q=8|15)[0:8]_BIG_ENDIAN,4096,BLOCKED_PENDING_GATE
RID-C003-SW-001,selective-withholders-11;n=32;t=22;s=8;q=8,16,PRIMARY,1875438594981320265,SHA256(KEYSTONE-MPP-F1|PC03|v2|RID-C003-SW-001|selective-withholders-11;n=32;t=22;s=8;q=8|16)[0:8]_BIG_ENDIAN,4096,BLOCKED_PENDING_GATE
RID-C003-SW-001,selective-withholders-11;n=32;t=22;s=8;q=8,17,PRIMARY,14152005748106781155,SHA256(KEYSTONE-MPP-F1|PC03|v2|RID-C003-SW-001|selective-withholders-11;n=32;t=22;s=8;q=8|17)[0:8]_BIG_ENDIAN,4096,BLOCKED_PENDING_GATE
RID-C003-SW-001,selective-withholders-11;n=32;t=22;s=8;q=8,18,PRIMARY,815211153723723656,SHA256(KEYSTONE-MPP-F1|PC03|v2|RID-C003-SW-001|selective-withholders-11;n=32;t=22;s=8;q=8|18)[0:8]_BIG_ENDIAN,4096,BLOCKED_PENDING_GATE
RID-C003-SW-001,selective-withholders-11;n=32;t=22;s=8;q=8,19,PRIMARY,3445716169323927870,SHA256(KEYSTONE-MPP-F1|PC03|v2|RID-C003-SW-001|selective-withholders-11;n=32;t=22;s=8;q=8|19)[0:8]_BIG_ENDIAN,4096,BLOCKED_PENDING_GATE
RID-C003-SW-001,selective-withholders-11;n=32;t=22;s=8;q=8,20,PRIMARY,13630309395737361286,SHA256(KEYSTONE-MPP-F1|PC03|v2|RID-C003-SW-001|selective-withholders-11;n=32;t=22;s=8;q=8|20)[0:8]_BIG_ENDIAN,4096,BLOCKED_PENDING_GATE
RID-C003-SW-001,selective-withholders-11;n=32;t=22;s=8;q=8,21,PRIMARY,16997325569190911166,SHA256(KEYSTONE-MPP-F1|PC03|v2|RID-C003-SW-001|selective-withholders-11;n=32;t=22;s=8;q=8|21)[0:8]_BIG_ENDIAN,4096,BLOCKED_PENDING_GATE
RID-C003-SW-001,selective-withholders-11;n=32;t=22;s=8;q=8,22,PRIMARY,11077357329160341050,SHA256(KEYSTONE-MPP-F1|PC03|v2|RID-C003-SW-001|selective-withholders-11;n=32;t=22;s=8;q=8|22)[0:8]_BIG_ENDIAN,4096,BLOCKED_PENDING_GATE
RID-C003-SW-001,selective-withholders-11;n=32;t=22;s=8;q=8,23,PRIMARY,14588159191185287658,SHA256(KEYSTONE-MPP-F1|PC03|v2|RID-C003-SW-001|selective-withholders-11;n=32;t=22;s=8;q=8|23)[0:8]_BIG_ENDIAN,4096,BLOCKED_PENDING_GATE
RID-C003-SW-001,selective-withholders-11;n=32;t=22;s=8;q=8,24,PRIMARY,16324296755141869372,SHA256(KEYSTONE-MPP-F1|PC03|v2|RID-C003-SW-001|selective-withholders-11;n=32;t=22;s=8;q=8|24)[0:8]_BIG_ENDIAN,4096,BLOCKED_PENDING_GATE
RID-C003-SW-001,selective-withholders-11;n=32;t=22;s=8;q=8,25,PRIMARY,4185374390511316511,SHA256(KEYSTONE-MPP-F1|PC03|v2|RID-C003-SW-001|selective-withholders-11;n=32;t=22;s=8;q=8|25)[0:8]_BIG_ENDIAN,4096,BLOCKED_PENDING_GATE
RID-C003-SW-001,selective-withholders-11;n=32;t=22;s=8;q=8,26,PRIMARY,15000045640460464903,SHA256(KEYSTONE-MPP-F1|PC03|v2|RID-C003-SW-001|selective-withholders-11;n=32;t=22;s=8;q=8|26)[0:8]_BIG_ENDIAN,4096,BLOCKED_PENDING_GATE
RID-C003-SW-001,selective-withholders-11;n=32;t=22;s=8;q=8,27,PRIMARY,8450035850274702099,SHA256(KEYSTONE-MPP-F1|PC03|v2|RID-C003-SW-001|selective-withholders-11;n=32;t=22;s=8;q=8|27)[0:8]_BIG_ENDIAN,4096,BLOCKED_PENDING_GATE
RID-C003-SW-001,selective-withholders-11;n=32;t=22;s=8;q=8,28,PRIMARY,10498776711318847338,SHA256(KEYSTONE-MPP-F1|PC03|v2|RID-C003-SW-001|selective-withholders-11;n=32;t=22;s=8;q=8|28)[0:8]_BIG_ENDIAN,4096,BLOCKED_PENDING_GATE
RID-C003-SW-001,selective-withholders-11;n=32;t=22;s=8;q=8,29,PRIMARY,795953240239020284,SHA256(KEYSTONE-MPP-F1|PC03|v2|RID-C003-SW-001|selective-withholders-11;n=32;t=22;s=8;q=8|29)[0:8]_BIG_ENDIAN,4096,BLOCKED_PENDING_GATE
RID-C003-SW-001,selective-withholders-11;n=32;t=22;s=8;q=8,30,PRIMARY,3345969677812271522,SHA256(KEYSTONE-MPP-F1|PC03|v2|RID-C003-SW-001|selective-withholders-11;n=32;t=22;s=8;q=8|30)[0:8]_BIG_ENDIAN,4096,BLOCKED_PENDING_GATE
RID-C003-SW-001,selective-withholders-11;n=32;t=22;s=8;q=8,31,PRIMARY,11258479604341413417,SHA256(KEYSTONE-MPP-F1|PC03|v2|RID-C003-SW-001|selective-withholders-11;n=32;t=22;s=8;q=8|31)[0:8]_BIG_ENDIAN,4096,BLOCKED_PENDING_GATE
RID-C003-SW-001,selective-withholders-11;n=32;t=22;s=8;q=8,32,PRIMARY,6668807890630654562,SHA256(KEYSTONE-MPP-F1|PC03|v2|RID-C003-SW-001|selective-withholders-11;n=32;t=22;s=8;q=8|32)[0:8]_BIG_ENDIAN,4096,BLOCKED_PENDING_GATE
RID-C003-SW-001,selective-withholders-11;n=32;t=22;s=8;q=8,33,RESERVE,16061459472657031637,SHA256(KEYSTONE-MPP-F1|PC03|v2|RID-C003-SW-001|selective-withholders-11;n=32;t=22;s=8;q=8|33)[0:8]_BIG_ENDIAN,4096,BLOCKED_PENDING_GATE
RID-C003-SW-001,selective-withholders-11;n=32;t=22;s=8;q=8,34,RESERVE,6658358983700717070,SHA256(KEYSTONE-MPP-F1|PC03|v2|RID-C003-SW-001|selective-withholders-11;n=32;t=22;s=8;q=8|34)[0:8]_BIG_ENDIAN,4096,BLOCKED_PENDING_GATE
RID-C003-SW-001,selective-withholders-11;n=32;t=22;s=8;q=8,35,RESERVE,13922661269288942572,SHA256(KEYSTONE-MPP-F1|PC03|v2|RID-C003-SW-001|selective-withholders-11;n=32;t=22;s=8;q=8|35)[0:8]_BIG_ENDIAN,4096,BLOCKED_PENDING_GATE
RID-C003-SW-001,selective-withholders-11;n=32;t=22;s=8;q=8,36,RESERVE,118257597554293753,SHA256(KEYSTONE-MPP-F1|PC03|v2|RID-C003-SW-001|selective-withholders-11;n=32;t=22;s=8;q=8|36)[0:8]_BIG_ENDIAN,4096,BLOCKED_PENDING_GATE
