path,phase,required,owner,status,revision,sha256,consumes,evidence_ids,confidentiality,produced_by,verified_by,verification_id,verification_event_id,provenance_event_id,schema_id,schema_revision,semantic_type,na_policy_code,na_reason_code,verifier_registry_id,signing_key_id,updated_at,notes
00-governance/intake-original.md,INTAKE,true,intake_integration,DRAFT,2,6f21c82ed0fe6c2933e689ab22750ee838e88b75e564eb985da119faf22a5ddd,,INPUT-001,UNRESOLVED,dispatch-302e810afbd7,,,,,S4::00_governance_intake_original_md,1,intake_original,INTAKE_REQUIRED,,,,2026-08-28T21:16:40Z,"Integrated the exact six-field intake, resolved a bounded working study profile, froze C1-C6 claim ceilings, documented authority and ethics boundaries, and approved public-web-only research egress. All outputs remain DRAFT pending independent scientific verification; no phase or novelty verdict is asserted."
00-governance/intake.json,INTAKE,true,intake_integration,DRAFT,2,800fdb650470596dc67367ba6868bffbb60b80cf7fe2471734254dc60d1ef9eb,00-governance/intake-original.md,INPUT-001,UNRESOLVED,dispatch-302e810afbd7,,,,,S4::00_governance_intake_json,1,normalized_intake,INTAKE_REQUIRED,,,,2026-08-28T21:16:40Z,"Integrated the exact six-field intake, resolved a bounded working study profile, froze C1-C6 claim ceilings, documented authority and ethics boundaries, and approved public-web-only research egress. All outputs remain DRAFT pending independent scientific verification; no phase or novelty verdict is asserted."
00-governance/program-charter.md,INTAKE,true,intake_integration,DRAFT,4,a14ed6564b8d8bf3c51dff8f931321b6f288a9c832a6326522bac96c454b3f44,00-governance/intake.json,INPUT-001,UNRESOLVED,intake_integration,,,,PROV-6ef5d95b5f35,S4::00_governance_program_charter_md,1,program_charter,CHARTER_REQUIRED,,,,2026-08-30T05:17:04Z,"Aligned the charter with confirmed accountable-human authority while keeping final author order, corresponding-author designation, and exact affiliation wording deferred; remains DRAFT pending independent scientific verification."
00-governance/decision-log.md,INTAKE,false,root-integration-owner,DRAFT,1,aa104c55eeec6ff6a28837875c3665a823af96b28fca0a76924a59cd51c1b2e1,00-governance/intake.json,INPUT-001,UNRESOLVED,single-input-kickoff,,,,,S4::00_governance_decision_log_md,1,decision_log,CONTROL_LEDGER,,,,2026-08-28T21:14:30Z,File existence is not verification.
00-governance/study-profile.json,INTAKE,true,intake_integration,DRAFT,3,74e76831f2fc44f8b4a659a94b326ed621b886c2fb70c42794a94e3f28b7a982,00-governance/intake.json,INPUT-001,UNRESOLVED,intake_integration,,,,PROV-976493c08803,S4::00_governance_study_profile_json,1,study_profile,PROFILE_REQUIRED_BEFORE_DESIGN,,,,2026-08-30T05:18:24Z,Clarified that accountable-human authority is confirmed and author metadata freeze is deferred; INTAKE still requires authenticated independently signed scientific verification.
00-governance/egress-policy.json,INTAKE,false,intake_integration,DRAFT,1,f85c8944f2b345505849974a79ad26ba8e0fdd2f656229db7cef6658c51368a2,00-governance/program-charter.md,INPUT-001,UNRESOLVED,dispatch-302e810afbd7,,,,,S4::00_governance_egress_policy_json,1,egress_policy,DOCUMENTED_EXCEPTION,,,,2026-08-28T21:16:40Z,"Integrated the exact six-field intake, resolved a bounded working study profile, froze C1-C6 claim ceilings, documented authority and ethics boundaries, and approved public-web-only research egress. All outputs remain DRAFT pending independent scientific verification; no phase or novelty verdict is asserted."
00-governance/capability-preflight.json,INTAKE,false,root-integration-owner,DRAFT,4,5c0b5fb1d8e125cc2fd730bcdcd45e9d27d083426b86104ec95e37b197e334a4,00-governance/program-charter.md,,UNRESOLVED,root-integration-owner,,,,PROV-69203d91ab1b,S4::00_governance_capability_preflight_json,1,capability_preflight,DOCUMENTED_EXCEPTION,,,,2026-08-30T05:19:16Z,Refreshed the current capability snapshot and bounded read-only delegation status; this mechanical snapshot cannot establish scientific independence or promote INTAKE.
01-novelty/problem-investigation.md,NOVELTY_AUDIT,true,novelty_problem_specification,DRAFT,1,7d8eb4d0d78bdaaa0478023acbdaaf3ad4890df3f9926d7f8b7700dc85fda9bd,00-governance/program-charter.md,,UNRESOLVED,novelty_problem_specification,,,,PROV-6bea021ef897,S4::01_novelty_problem_investigation_md,1,01_novelty_problem_investigation_md_document,CANONICAL_ARTIFACT_POLICY,,,,2026-08-28T22:03:54Z,Root inspected; predeclared problem framing only; no novelty promotion.
01-novelty/novelty-claim-specification.md,NOVELTY_AUDIT,true,novelty_problem_specification,DRAFT,1,933c027ede5ddcf2379731f9022f64d0d6ad3fc004187dfe66a9276fec28c7af,01-novelty/problem-investigation.md,,UNRESOLVED,novelty_problem_specification,,,,PROV-6fc82f0075fe,S4::01_novelty_novelty_claim_specification_md,1,01_novelty_novelty_claim_specification_md_document,CANONICAL_ARTIFACT_POLICY,,,,2026-08-28T22:03:54Z,Narrow working claim; novelty remains unresolved.
01-novelty/search-protocol.md,NOVELTY_AUDIT,true,canonical_novelty_reconciliation,DRAFT,3,ec9e4b57c22d81ede9aaba8ec37b332df9df04eee720f5512a390b96ea85b3df,01-novelty/problem-investigation.md,,UNRESOLVED,root-uqvote-metadata-closure,,,,PROV-a23cf010eca0,S4::01_novelty_search_protocol_md,1,01_novelty_search_protocol_md_document,CANONICAL_ARTIFACT_POLICY,,,,2026-08-29T00:18:49Z,Crossref/OpenAlex UQ-Vote metadata convergence recorded; no novelty upgrade or phase promotion.
01-novelty/prior-art-query-log.json,NOVELTY_AUDIT,true,canonical_novelty_reconciliation,DRAFT,1,b367f53057b21d10097aeb7f7d04393903b77e52f19a0104011af1918c7e52cd,01-novelty/search-protocol.md,,UNRESOLVED,canonical_novelty_reconciliation,,,,PROV-288714ba1846,S4::01_novelty_prior_art_query_log_json,1,prior_art_query_log,NOVELTY_SEARCH_REQUIRED,,,,2026-08-28T22:19:23Z,"Canonical novelty evidence integrated from bounded primary, independent, citation, patent/standards, and patent/code challenge packages; broad claim rejected, narrow REFRAME remains NOVELTY_UNRESOLVED; no scientific verification or phase promotion."
01-novelty/prior-art-raw-snapshots.json,NOVELTY_AUDIT,true,canonical_novelty_reconciliation,DRAFT,1,124df5b63e65a22ed68f0800587623e53cb73b504e5349f38f4efe79e398430f,01-novelty/prior-art-query-log.json,,UNRESOLVED,canonical_novelty_reconciliation,,,,PROV-5c4becff250e,S4::01_novelty_prior_art_raw_snapshots_json,1,prior_art_raw_snapshots,NOVELTY_SEARCH_REQUIRED,,,,2026-08-28T22:19:23Z,"Canonical novelty evidence integrated from bounded primary, independent, citation, patent/standards, and patent/code challenge packages; broad claim rejected, narrow REFRAME remains NOVELTY_UNRESOLVED; no scientific verification or phase promotion."
01-novelty/prior-art-dedup-report.json,NOVELTY_AUDIT,true,canonical_novelty_reconciliation,DRAFT,1,8bd6c6fbbe15a27fdcd134e0bfc35781c1093f8f81b422480435731627319d8a,01-novelty/prior-art-raw-snapshots.json,,UNRESOLVED,canonical_novelty_reconciliation,,,,PROV-e7283fdb8ef0,S4::01_novelty_prior_art_dedup_report_json,1,prior_art_dedup_report,NOVELTY_SEARCH_REQUIRED,,,,2026-08-28T22:19:23Z,"Canonical novelty evidence integrated from bounded primary, independent, citation, patent/standards, and patent/code challenge packages; broad claim rejected, narrow REFRAME remains NOVELTY_UNRESOLVED; no scientific verification or phase promotion."
01-novelty/search-coverage.csv,NOVELTY_AUDIT,true,canonical_novelty_reconciliation,DRAFT,1,dca3b3a2eec9733447f431b142708fec3c0e7f5da00dd1c2e0e7f29a8646dc4f,01-novelty/novelty-claim-specification.md|01-novelty/search-protocol.md,,UNRESOLVED,canonical_novelty_reconciliation,,,,PROV-f7934332859d,S4::01_novelty_search_coverage_csv,1,search_coverage,NOVELTY_SEARCH_REQUIRED,,,,2026-08-28T22:19:23Z,"Canonical novelty evidence integrated from bounded primary, independent, citation, patent/standards, and patent/code challenge packages; broad claim rejected, narrow REFRAME remains NOVELTY_UNRESOLVED; no scientific verification or phase promotion."
01-novelty/evidence-ledger.csv,NOVELTY_AUDIT,true,canonical_novelty_reconciliation,DRAFT,3,b909f908c1ec8471f0273757776b97caa0d85aa216441b44e520fe8e99ce3080,01-novelty/search-protocol.md,,UNRESOLVED,root-uqvote-metadata-closure,,,,PROV-7e12c6aef4e3,S4::01_novelty_evidence_ledger_csv,1,evidence_ledger,NOVELTY_SEARCH_REQUIRED,,,,2026-08-29T00:18:50Z,E006 metadata stabilized from preserved Crossref/OpenAlex records; evidentiary and novelty ceilings unchanged.
01-novelty/independent-search-challenge.md,NOVELTY_AUDIT,true,canonical_novelty_reconciliation,DRAFT,1,85336ce474c9c5320c40bc10aa50180f7d1174551cc46eb76daeb52df7722263,01-novelty/novelty-claim-specification.md|01-novelty/search-coverage.csv|01-novelty/evidence-ledger.csv,,UNRESOLVED,canonical_novelty_reconciliation,,,,PROV-a0b726d706f9,S4::01_novelty_independent_search_challenge_md,1,01_novelty_independent_search_challenge_md_document,CANONICAL_ARTIFACT_POLICY,,,,2026-08-28T22:19:23Z,"Canonical novelty evidence integrated from bounded primary, independent, citation, patent/standards, and patent/code challenge packages; broad claim rejected, narrow REFRAME remains NOVELTY_UNRESOLVED; no scientific verification or phase promotion."
01-novelty/novelty-matrix.csv,NOVELTY_AUDIT,true,canonical_novelty_reconciliation,DRAFT,3,5692d14ace4267f949163f7f9cb2bb06daee00bffd2223b725c43157c4c1c3cd,01-novelty/evidence-ledger.csv|01-novelty/search-coverage.csv|01-novelty/independent-search-challenge.md,,UNRESOLVED,root-uqvote-metadata-closure,,,,PROV-95ba6d741696,S4::01_novelty_novelty_matrix_csv,1,novelty_matrix,NOVELTY_MATRIX_REQUIRED,,,,2026-08-29T00:18:50Z,Residual metadata wording reconciled; broad claim remains rejected and novelty remains UNRESOLVED.
01-novelty/citation-audit.md,NOVELTY_AUDIT,true,canonical_novelty_reconciliation,DRAFT,3,4f4c96cdf5d11032c707d6b9ff17db5963dcd960b63927eb46dd9257e08e65eb,01-novelty/evidence-ledger.csv|01-novelty/novelty-matrix.csv,,UNRESOLVED,root-uqvote-metadata-closure,,,,PROV-dfee0a812e31,S4::01_novelty_citation_audit_md,1,01_novelty_citation_audit_md_document,CANONICAL_ARTIFACT_POLICY,,,,2026-08-29T00:18:50Z,Canonical citation audit updated to Crossref/OpenAlex registry metadata; submission-time refresh still required.
01-novelty/causal-model.mmd,NOVELTY_AUDIT,true,novelty_problem_specification,DRAFT,1,8c28d9424a9ae82087d608fe20aa9c7ba1f12cbfb89e79a0bad7d8592851cde2,01-novelty/problem-investigation.md,,UNRESOLVED,novelty_problem_specification,,,,PROV-1baeda9de242,S4::01_novelty_causal_model_mmd,1,01_novelty_causal_model_mmd_diagram,CANONICAL_ARTIFACT_POLICY,,,,2026-08-28T22:03:54Z,Editable causal model source; not empirical evidence.
01-novelty/candidate-portfolio.md,NOVELTY_AUDIT,true,novelty_problem_specification,DRAFT,1,09da12b3ba9c08ddedcab085f3c6d3c09e3536fd0fb2587ea2cdfd60246001da,01-novelty/novelty-matrix.csv|01-novelty/causal-model.mmd,,UNRESOLVED,novelty_problem_specification,,,,PROV-71f3aabd0f98,S4::01_novelty_candidate_portfolio_md,1,01_novelty_candidate_portfolio_md_document,CANONICAL_ARTIFACT_POLICY,,,,2026-08-28T22:03:54Z,Candidate prioritization only; no novelty certification.
02-feasibility/solution-viability-case.md,FEASIBILITY_GATE,true,result_blind_feasibility_package,DRAFT,2,da98078964cbb8658daf3a0879c26b3de13ade90131a4f9b6b2bf4193280b4cc,01-novelty/novelty-matrix.csv|01-novelty/candidate-portfolio.md,,UNRESOLVED,result_blind_feasibility_package,,,,PROV-67a8e45aec25,S4::02_feasibility_solution_viability_case_md,1,solution_viability_case,DOCUMENTED_EXCEPTION,,,,2026-08-28T23:06:25Z,"Fix round 1: normalized canonical owner routing, added external/human responsibility mapping, added auditable risk evidence grade/source fields, clarified item-level status versus artifact lifecycle DRAFT, and replaced shorthand sources with exact repo-relative paths; phase remains INTAKE and decision remains BLOCKED."
02-feasibility/evidence-maturity-ladder.csv,FEASIBILITY_GATE,true,result_blind_feasibility_package,DRAFT,1,643a0a9aea0980080b1e5ab648d12ca2ef9391e3c73ab12f871f402e5b264ab8,02-feasibility/solution-viability-case.md,,UNRESOLVED,result_blind_feasibility_package,,,,PROV-a80254f9150d,S4::02_feasibility_evidence_maturity_ladder_csv,1,evidence_maturity_ladder,DOCUMENTED_EXCEPTION,,,,2026-08-28T22:45:38Z,Pre-gate result-blind feasibility artifact only; canonical phase remains INTAKE; no GO or phase promotion; current decision BLOCKED and conditional next evidence step PILOT_FIRST after fatal prerequisites clear.
02-feasibility/feasibility-report.md,FEASIBILITY_GATE,true,result_blind_feasibility_package,DRAFT,3,e9c7109586e2d2656e9516ed1e5d5b4ebfeceb88a5c0dbf1cbdd76727ca9a558,01-novelty/novelty-matrix.csv|01-novelty/candidate-portfolio.md|02-feasibility/solution-viability-case.md|02-feasibility/evidence-maturity-ladder.csv,"C002,C003",UNRESOLVED,deadline-pilot-governance-alignment,,,,PROV-3dae75c38db9,S4::02_feasibility_feasibility_report_md,1,feasibility_report,FEASIBILITY_REQUIRED,,,,2026-08-30T03:48:52Z,"Updated draft/design authority evidence while preserving BLOCKED disposition, INTAKE state, unresolved novelty, unexecuted deadline pilot, and independent-review limits."
02-feasibility/risk-register.csv,FEASIBILITY_GATE,true,result_blind_feasibility_package,DRAFT,3,075ac5ee2fd9bcf0424ec17501d4c1784586bbb47edef9a35028053ef49921a6,02-feasibility/feasibility-report.md,"C001,C002,C003",UNRESOLVED,deadline-pilot-governance-alignment,,,,PROV-51a121507cc1,S4::02_feasibility_risk_register_csv,1,risk_register,FEASIBILITY_REQUIRED,,,,2026-08-30T03:48:53Z,"R001 narrowed to verified draft/design authority only; execution, external sharing, scientific verification, and submission remain gated."
02-feasibility/progression-criteria.csv,FEASIBILITY_GATE,true,result_blind_feasibility_package,DRAFT,2,8db3866401ab6c97ed40d6dcd7aa7dc4162f78bc089919ba5b180087015721fb,02-feasibility/feasibility-report.md|02-feasibility/risk-register.csv,,UNRESOLVED,result_blind_feasibility_package,,,,PROV-852287b39fe5,S4::02_feasibility_progression_criteria_csv,1,progression_criteria,FEASIBILITY_REQUIRED,,,,2026-08-28T23:06:25Z,"Fix round 1: normalized canonical owner routing, added external/human responsibility mapping, added auditable risk evidence grade/source fields, clarified item-level status versus artifact lifecycle DRAFT, and replaced shorthand sources with exact repo-relative paths; phase remains INTAKE and decision remains BLOCKED."
02-feasibility/pilot-plan.md,FEASIBILITY_GATE,false,root-integration-owner,DRAFT,3,907d9c6f954daa44216b5ee83f56bd42a7c990c2fd8d0dccaacf1f5a7e134b8a,02-feasibility/feasibility-report.md|02-feasibility/progression-criteria.csv,,UNRESOLVED,pc03-result-blind-arbitration,,,,PROV-08ffb33fd0c6,S4::02_feasibility_pilot_plan_md,1,pilot_artifact,PILOT_REQUIRED_ONLY_AFTER_PILOT_FIRST,,,,2026-08-30T07:44:09Z,"Aligned the non-executable pilot plan to three minimum cells; CORR and DEADLINE remain explicitly excluded; no GO, execution, phase promotion, or author-metadata freeze."
02-feasibility/pilot-results.md,FEASIBILITY_GATE,false,UNASSIGNED,MISSING,0,,02-feasibility/pilot-plan.md,,UNRESOLVED,,,,,,S4::02_feasibility_pilot_results_md,1,pilot_artifact,PILOT_REQUIRED_ONLY_AFTER_PILOT_FIRST,,,,,
03-design/protocol.md,STUDY_DESIGN,true,methods_design,DRAFT,2,4ab6e396a75a6c5cab6290de681b7c3ba8de468606a591a19ee951ae6963efc3,02-feasibility/feasibility-report.md|02-feasibility/progression-criteria.csv,,UNRESOLVED,methods_design,,,,PROV-cbca3c15ef16,S4::03_design_protocol_md,1,study_protocol,DESIGN_REQUIRED,,,,2026-08-28T23:24:41Z,"Fix round 1: closed all nine reserved result IDs across protocol and analysis, defined denominators and pairing/blocking, and recast C002 crypto/contract surfaces as deterministic zero-tolerance correctness obligations; result-blindness and INTAKE phase preserved."
03-design/analysis-plan.md,STUDY_DESIGN,true,methods_design,DRAFT,3,ef2c05bff11d9c7aca886737d342eaa77f5c9f26096869e9b9eba9bfb313c1ef,03-design/protocol.md,,UNRESOLVED,pc03-result-blind-arbitration,,,,PROV-02ef676f2997,S4::03_design_analysis_plan_md,1,analysis_plan,DESIGN_REQUIRED,,,,2026-08-30T07:44:09Z,"Aligned estimands, denominators, multiplicity, and sensitivity boundaries to three scheduled minimum cells; EST-06 and EST-09 remain excluded; execution prohibited."
03-design/power-or-precision.md,STUDY_DESIGN,true,power_challenge,DRAFT,4,dfb678063d914134d78950620654d8907c84784f612bc529cd53a6518886bde5,03-design/protocol.md|03-design/analysis-plan.md,,UNRESOLVED,pc03-result-blind-arbitration,,,,PROV-b5766df9bf4e,S4::03_design_power_or_precision_md,1,power_precision,DESIGN_REQUIRED,,,,2026-08-30T07:45:01Z,Froze distribution-free planning at 73778 required and 131072 scheduled draws for each of three minimum cells; CORR and DEADLINE remain excluded; no independent sign-off.
03-design/preregistration-and-deviations.md,STUDY_DESIGN,true,methods_design,DRAFT,4,b82ac6378281ce132bf8ae763128e83af02d7267f38216bbcfd1f475ccc0c71d,03-design/protocol.md|03-design/analysis-plan.md,,UNRESOLVED,pc03-result-blind-arbitration,,,,PROV-9be6e3ab676f,S4::03_design_preregistration_and_deviations_md,1,preregistration_deviations,DESIGN_REQUIRED,,,,2026-08-30T07:44:09Z,"Recorded three included minimum cells, CORR and DEADLINE exclusions, no retroactive outcome use, and deferred author metadata."
04-data/provenance-manifest.csv,AUTHORIZED_EXECUTION,true,root-integration-owner,DRAFT,1,dfa3c41e4923bb9d80ac607b96087bce7cb393fa6cd84065f913307e7ed6a4ca,03-design/protocol.md|03-design/preregistration-and-deviations.md,RID-C001-SEP-001|RID-C001-STATIC-001|RID-C002-CRYPTO-001|RID-C002-CONTRACT-001|RID-C003-IID-001|RID-C003-CORR-001|RID-C003-STRAT-001|RID-C003-SW-001,UNRESOLVED,evidence-lineage-exporter,,,,PROV-47725e329172,S4::04_data_provenance_manifest_csv,1,provenance_manifest,AUTHORIZATION_REQUIRED,,,,2026-08-30T06:35:23Z,"Deterministic preauthorization lineage for existing analytic, simulated, and internal engineering artifacts; no scientific authorization, independence, or phase promotion."
04-data/evidence-status.csv,AUTHORIZED_EXECUTION,true,root-integration-owner,DRAFT,1,7c2676af76a779b9dd9166bc810f9a55e48a525e5ac2e022d312e27fd9339a29,04-data/provenance-manifest.csv|03-design/protocol.md,RID-C001-SEP-001|RID-C001-STATIC-001|RID-C002-CRYPTO-001|RID-C002-CONTRACT-001|RID-C003-IID-001|RID-C003-CORR-001|RID-C003-STRAT-001|RID-C003-SW-001|RID-C003-DEADLINE-001,UNRESOLVED,evidence-lineage-exporter,,,,PROV-8e8a67dba026,S4::04_data_evidence_status_csv,1,evidence_status,DOCUMENTED_EXCEPTION,,,,2026-08-30T06:35:23Z,All current rows are unauthorized and non-independent; PARTIAL rows do not activate scientific support and the unexecuted deadline result remains BLOCKED.
05-analysis/results/exploratory-findings.csv,ANALYSIS,true,exploratory-analysis,DRAFT,1,d37b47dc46018b72b79f37e42a859d955e700100041e42750b3e32dc2bad8ad5,04-data/provenance-manifest.csv,RID-C003-CORR-001,UNRESOLVED,root-integration-owner,,,,PROV-de05e7d24286,S4::05_analysis_results_exploratory_findings_csv,1,exploratory_findings,ANALYSIS_REQUIRED,,,,2026-08-30T06:47:25Z,"Quarantined post-hoc temporal Markov ledger with distinct EXPLORE identifiers; simulated source maturity preserved; claim ceiling V0 ASSERTED; unauthorized, non-independent, and non-confirmatory."
05-analysis/results/primary-results.csv,ANALYSIS,true,root-integration-owner,DRAFT,1,1d006194b2073d28e8bc9925615513c05cfdace7195f143ecdebd55c8f08d12d,04-data/provenance-manifest.csv|04-data/evidence-status.csv|03-design/analysis-plan.md,,UNRESOLVED,preauthorization_primary_results_contract_export,,,,,S4::05_analysis_results_primary_results_csv,1,primary_results,PRIMARY_RESULTS_REQUIRED,,,,2026-08-30T15:40:33Z,"Schema-complete result-blind contract only; every outcome and estimate remains NOT_COLLECTED or NOT_ESTIMATED, execution and independence remain false, evidence maturity and claim ceiling remain V0 ASSERTED, and no phase or scientific gate is promoted."
05-analysis/results/robustness-and-boundaries.csv,ANALYSIS,true,root-integration-owner,DRAFT,1,da0ff36cdcf5a5165545ce9b9ff402914d76029b20c4f21982c70b2ed579c9c9,05-analysis/results/primary-results.csv,"RID-C003-IID-001,RID-C003-STRAT-001",UNRESOLVED,preauthorization_robustness_boundaries_export,,,,PROV-78b10721a5ac,S4::05_analysis_results_robustness_and_boundaries_csv,1,robustness_boundaries,ANALYSIS_REQUIRED,,,,2026-08-30T08:56:41Z,"Deterministic draft export of all frozen IID and matched-seed sampling-policy cells only; unauthorized, non-independent, simulated, claim ceiling V0 ASSERTED. Domain-diversity excluded because its evidence ID is entangled with quarantined Markov evidence; Markov, selective-withholding, deadline, primary, confirmatory, external, field, and phase-promotion claims remain excluded."
05-analysis/results/negative-findings.csv,ANALYSIS,true,root-integration-owner,DRAFT,1,fda64ed1160f827a8f09e5168ce0429f740852a9bea3247fe0aa695f5f0985f7,05-analysis/results/primary-results.csv,RID-C003-SW-001,UNRESOLVED,preauthorization_negative_findings_export,,,,PROV-f09240386647,S4::05_analysis_results_negative_findings_csv,1,negative_findings,ANALYSIS_REQUIRED,,,,2026-08-30T08:32:44Z,"Deterministic draft export of the existing frozen selective-withholding simulation gap only; unauthorized, non-independent, simulated, claim ceiling V0 ASSERTED, no confirmatory execution, no deadline evidence, no external or field validation, and no phase promotion."
05-analysis/external-validation/protocol.md,ANALYSIS,true,UNASSIGNED,MISSING,0,,03-design/protocol.md|05-analysis/results/primary-results.csv,,UNRESOLVED,,,,,,S4::05_analysis_external_validation_protocol_md,1,external_validation,EXTERNAL_VALIDATION_SCOPE,,,,,
05-analysis/external-validation/results.csv,ANALYSIS,true,UNASSIGNED,MISSING,0,,05-analysis/external-validation/protocol.md|04-data/provenance-manifest.csv,,UNRESOLVED,,,,,,S4::05_analysis_external_validation_results_csv,1,external_validation,EXTERNAL_VALIDATION_SCOPE,,,,,
05-analysis/external-validation/real-world-validation-report.md,ANALYSIS,true,UNASSIGNED,MISSING,0,,05-analysis/external-validation/results.csv|05-analysis/results/robustness-and-boundaries.csv,,UNRESOLVED,,,,,,S4::05_analysis_external_validation_real_world_validation_report_md,1,external_validation,EXTERNAL_VALIDATION_SCOPE,,,,,
05-analysis/external-validation/challenge.md,ANALYSIS,true,UNASSIGNED,MISSING,0,,05-analysis/external-validation/real-world-validation-report.md,,UNRESOLVED,,,,,,S4::05_analysis_external_validation_challenge_md,1,external_validation_challenge,EXTERNAL_VALIDATION_SCOPE,,,,,
05-analysis/reproducibility-report.md,ANALYSIS,true,UNASSIGNED,MISSING,0,,03-design/analysis-plan.md|04-data/provenance-manifest.csv|05-analysis/results/exploratory-findings.csv|05-analysis/results/primary-results.csv|05-analysis/external-validation/challenge.md,,UNRESOLVED,,,,,,S4::05_analysis_reproducibility_report_md,1,reproducibility_report,ANALYSIS_REQUIRED,,,,,
06-visuals/tables/t2-proposed-vs-baselines.csv,ANALYSIS,true,UNASSIGNED,MISSING,0,,01-novelty/novelty-matrix.csv|05-analysis/results/primary-results.csv,,UNRESOLVED,,,,,,S4::06_visuals_tables_t2_proposed_vs_baselines_csv,1,comparison_table,ANALYSIS_REQUIRED,,,,,
06-visuals/tables/t3-data-or-conditions.csv,ANALYSIS,true,UNASSIGNED,MISSING,0,,04-data/provenance-manifest.csv,,UNRESOLVED,,,,,,S4::06_visuals_tables_t3_data_or_conditions_csv,1,data_conditions_table,ANALYSIS_REQUIRED,,,,,
06-visuals/tables/t5-ablation-or-mechanism.csv,ANALYSIS,false,UNASSIGNED,MISSING,0,,05-analysis/results/primary-results.csv,,UNRESOLVED,,,,,,S4::06_visuals_tables_t5_ablation_or_mechanism_csv,1,ablation_table,DOCUMENTED_EXCEPTION,,,,,
06-visuals/tables/t7-real-world-feasibility.csv,ANALYSIS,true,UNASSIGNED,MISSING,0,,02-feasibility/feasibility-report.md|05-analysis/results/primary-results.csv|05-analysis/external-validation/real-world-validation-report.md,,UNRESOLVED,,,,,,S4::06_visuals_tables_t7_real_world_feasibility_csv,1,real_world_feasibility_table,ANALYSIS_REQUIRED,,,,,
06-visuals/visual-ledger.csv,MANUSCRIPT,true,root-integration-owner,DRAFT,6,ac541a28c4246919c349105c38620f85d8f0c4dbfce2a235eb0be4300299ab64,05-analysis/results/primary-results.csv,,UNRESOLVED,subagent-driven-visual-remediation-root-integrated,,,,PROV-90b0987861f0,S4::06_visuals_visual_ledger_csv,1,visual_ledger,MANUSCRIPT_REQUIRED,,,,2026-08-29T04:08:57Z,"D1-D8 visual ledger synchronized to deterministic source-bound derivatives; D2 typography proxy measured; scientific, CVD, assistive-technology, venue, and accountable human review remain pending."
06-visuals/figures/figure-manifest.csv,MANUSCRIPT,true,root,DRAFT,4,e54f33cd5e4d6d71e531c3d68588d53182d26abc2aba1a55e962fce44fa3ba39,05-analysis/results/primary-results.csv|06-visuals/visual-ledger.csv,,UNRESOLVED,root_visual_qa_integration,,,,PROV-74b986c65bf4,S4::06_visuals_figures_figure_manifest_csv,1,figure_manifest,MANUSCRIPT_REQUIRED,,,,2026-08-29T03:26:04Z,F1-F5 provisional 85 mm and 180 mm typography/PPI proxies recorded; SVG remains canonical and venue-specific final-size review remains pending.
06-visuals/diagrams/architecture.mmd,MANUSCRIPT,true,root-integration-owner,DRAFT,1,bf84c2df244d04a88d5d8b39e6ac92454a8bfcc04fda01aa5fece67f5f3c5910,01-novelty/causal-model.mmd|03-design/protocol.md,,UNRESOLVED,task-5-visual-canonicalization,,,,PROV-1744ae8f5b2f,S4::06_visuals_diagrams_architecture_mmd,1,architecture_diagram,MANUSCRIPT_REQUIRED,,,,2026-08-28T23:55:12Z,Canonical architecture diagram draft aligned to existing system-architecture assets and frozen protocol scope.
06-visuals/diagrams/workflow.mmd,MANUSCRIPT,true,root-integration-owner,DRAFT,1,c5cb4fac3114f7673084b10ea10c4f6c2886f507145ebbac663d7847c4054447,03-design/protocol.md|04-data/provenance-manifest.csv,,UNRESOLVED,task-5-visual-canonicalization,,,,PROV-33ae26db3d12,S4::06_visuals_diagrams_workflow_mmd,1,workflow_diagram,MANUSCRIPT_REQUIRED,,,,2026-08-28T23:55:12Z,Canonical workflow diagram draft showing pre-authorization evidence flow and manuscript gating.
06-visuals/schematics/conceptual-schematic-source.md,MANUSCRIPT,false,UNASSIGNED,MISSING,0,,01-novelty/causal-model.mmd,,UNRESOLVED,,,,,,S4::06_visuals_schematics_conceptual_schematic_source_md,1,conceptual_schematic,DOCUMENTED_EXCEPTION,,,,,
06-visuals/images/image-provenance.csv,MANUSCRIPT,false,UNASSIGNED,MISSING,0,,06-visuals/visual-ledger.csv,,UNRESOLVED,,,,,,S4::06_visuals_images_image_provenance_csv,1,image_provenance,NO_IMAGES_NO_PROVENANCE,,,,,
07-manuscript/manuscript.md,MANUSCRIPT,true,manuscript_integration,DRAFT,19,0257be806cedbee2648de0f6ad100adeefe8cdd06bfe704a245c4f67faffcf6d,01-novelty/novelty-matrix.csv|03-design/protocol.md|05-analysis/results/primary-results.csv,"RID-C003-IID-001,RID-C003-STRAT-001,RID-C003-SW-001",UNRESOLVED,manuscript_alignment_integration,,,,PROV-09c53e6d7595,S4::07_manuscript_manuscript_md,1,manuscript,MANUSCRIPT_REQUIRED,,,,2026-08-30T08:57:18Z,"Aligned the draft manuscript to the new bounded robustness ledger while preserving missing primary, confirmatory, deadline, independent, external, and author-metadata gates."
07-manuscript/claim-evidence-matrix.csv,MANUSCRIPT,true,root-integration-owner,DRAFT,3,fc3ef162ba028a5f6cbbcf0520539f3752d5e37a392c3a8eef2a7c7a9745fe43,01-novelty/evidence-ledger.csv|05-analysis/results/primary-results.csv|07-manuscript/manuscript.md,"RID-C003-IID-001,RID-C003-STRAT-001,RID-C003-SW-001,RID-C003-DEADLINE-001",UNRESOLVED,manuscript_alignment_integration,,,,PROV-f867bd7ec389,S4::07_manuscript_claim_evidence_matrix_csv,1,claim_evidence_matrix,CLAIM_LINK_REQUIRED,,,,2026-08-30T08:57:18Z,Added canonical draft robustness path and explicit preauthorization blocker; no claim maturity or scope promotion.
07-manuscript/source-manifest.json,MANUSCRIPT,true,manuscript_integration,DRAFT,38,f03a89bf14703edca002224c84869d19375fd43c3021a0afb60c6bc52ba119c2,01-novelty/evidence-ledger.csv|07-manuscript/manuscript.md,,UNRESOLVED,root_integration_owner,,,,PROV-3dce7b99b8bb,S4::07_manuscript_source_manifest_json,1,source_manifest,MANUSCRIPT_REQUIRED,,,,2026-08-30T09:12:59Z,Refreshed tooling and regression-test hashes after restoring the canonical fail-closed INTAKE boundary; no scientific gate or evidence maturity was promoted.
08-validation/reviews/editor.md,ADVERSARIAL_QA,true,root-integration-owner,DRAFT,4,1768abda2c543bf892ec471ad244de8e2e19728546b5191305d01249b7883506,07-manuscript/manuscript.md|07-manuscript/claim-evidence-matrix.csv,"RID-C003-IID-001,RID-C003-STRAT-001,RID-C003-SW-001",UNRESOLVED,draft_adversarial_review_exporter,,,,PROV-a26c25c696d6,S4::08_validation_reviews_editor_md,1,editor_review,ADVERSARIAL_QA_REQUIRED,,,,2026-08-30T08:57:18Z,Regenerated internal editor challenge after robustness ledger alignment; results-sufficiency verdict remains FAIL.
08-validation/reviews/novelty-domain.md,ADVERSARIAL_QA,true,root-integration-owner,DRAFT,2,891002fb38b2289cb899546c89f555016e0801a5a4b69ca14c54b50cfcd903eb,01-novelty/novelty-matrix.csv|07-manuscript/manuscript.md,,UNRESOLVED,draft_adversarial_review_exporter,,,,PROV-9a3d0313d1f7,S4::08_validation_reviews_novelty_domain_md,1,novelty_domain_review,ADVERSARIAL_QA_REQUIRED,,,,2026-08-30T08:57:18Z,Regenerated deterministic internal novelty review line references; novelty remains unresolved and review is not independent.
08-validation/reviews/methods-statistics.md,ADVERSARIAL_QA,true,root-integration-owner,DRAFT,2,beffe3a0c6e98d6a7240fd70d09498f6b0c498293a7a0a2300048ff11153a87f,03-design/protocol.md|03-design/analysis-plan.md|05-analysis/results/primary-results.csv|07-manuscript/manuscript.md,"RID-C003-IID-001,RID-C003-STRAT-001",UNRESOLVED,developmental_methods_statistics_review,,,,PROV-f94dc9339dbe,S4::08_validation_reviews_methods_statistics_md,1,methods_statistics_review,ADVERSARIAL_QA_REQUIRED,,,,2026-08-30T08:57:18Z,Documented that the robustness ledger improves traceability only and excludes evidence-entangled correlated-domain rows; confirmatory validity remains absent.
08-validation/reviews/real-world-ethics.md,ADVERSARIAL_QA,true,root-integration-owner,DRAFT,1,8e08060f6fb6a4eadc4b3ba5398809a2e1bfabdfa2735b4f8631bb4ead4ce2e0,02-feasibility/feasibility-report.md|06-visuals/tables/t7-real-world-feasibility.csv|07-manuscript/manuscript.md,,UNRESOLVED,developmental_adversarial_qa_integration,,,,PROV-f760fa8ece05,S4::08_validation_reviews_real_world_ethics_md,1,real_world_ethics_review,ADVERSARIAL_QA_REQUIRED,,,,2026-08-30T08:15:59Z,Unsigned AI-assisted developmental review artifact; not independent verification; promotes no phase or claim.
08-validation/reviews/visual-reproducibility.md,ADVERSARIAL_QA,true,root-integration-owner,DRAFT,4,ac6758f1718989aaafe9f5eb42a913d6a0918214128e5725106ce2e8990c3224,04-data/provenance-manifest.csv|06-visuals/visual-ledger.csv|07-manuscript/manuscript.md,"RID-C003-IID-001,RID-C003-STRAT-001",UNRESOLVED,developmental_visual_reproducibility_review,,,,PROV-b09250817c89,S4::08_validation_reviews_visual_reproducibility_md,1,visual_reproducibility_review,ADVERSARIAL_QA_REQUIRED,,,,2026-08-30T08:57:18Z,Documented hash/seed/count lineage and explicit exclusions; final figure support and publication QA remain open.
08-validation/reviews/clarity-coherence.md,ADVERSARIAL_QA,true,root-integration-owner,DRAFT,3,ea1daf4b97217be7d9da97e617d1e15b6a4b3755d9341b8d58b4dc6750f7565d,07-manuscript/manuscript.md|06-visuals/visual-ledger.csv,,UNRESOLVED,draft_adversarial_review_exporter,,,,PROV-b26a0a1d98d1,S4::08_validation_reviews_clarity_coherence_md,1,clarity_coherence_review,ADVERSARIAL_QA_REQUIRED,,,,2026-08-30T08:57:18Z,Regenerated deterministic internal clarity review line references; no scientific gate promotion.
08-validation/postdoctoral-standards-audit.md,ADVERSARIAL_QA,true,root-integration-owner,DRAFT,4,0a4b781e465ccb0ff32d241020b0a91b85fafe1da88495bcaa72b26d0cfd8687,07-manuscript/manuscript.md|07-manuscript/claim-evidence-matrix.csv|06-visuals/visual-ledger.csv|08-validation/reviews/editor.md|08-validation/reviews/methods-statistics.md,"RID-C003-IID-001,RID-C003-STRAT-001,RID-C003-SW-001",UNRESOLVED,postdoctoral_standards_developmental_audit,,,,PROV-86a883c96a90,S4::08_validation_postdoctoral_standards_audit_md,1,postdoctoral_audit,AUDIT_REQUIRED,,,,2026-08-30T08:57:18Z,Updated draft analysis-ledger boundary; audit remains developmental and not independently verified.
08-validation/killer-question-ledger.csv,ADVERSARIAL_QA,true,root-integration-owner,DRAFT,4,ecebccd787ec965092da67b0aa5c57d5f9af51ce593a8bb10e20c3fdf032510f,08-validation/reviews/editor.md|08-validation/reviews/novelty-domain.md|08-validation/reviews/methods-statistics.md|08-validation/reviews/real-world-ethics.md|08-validation/reviews/visual-reproducibility.md|08-validation/reviews/clarity-coherence.md|08-validation/postdoctoral-standards-audit.md,"RID-C003-IID-001,RID-C003-STRAT-001,RID-C003-SW-001,RID-C003-DEADLINE-001",UNRESOLVED,adversarial_qa_integration,,,,PROV-92fdc6bf32aa,S4::08_validation_killer_question_ledger_csv,1,killer_question_ledger,KILLER_QUESTIONS_REQUIRED,,,,2026-08-30T08:57:19Z,KQ-019 now covers both draft robustness and negative ledgers; critical disposition remains FAIL.
08-validation/remediation-log.csv,ADVERSARIAL_QA,true,root-integration-owner,DRAFT,4,8a1f62a36becf4a77988dc1197e5f372d885759b33843057c7c2ffee57d4c796,08-validation/killer-question-ledger.csv,"RID-C003-IID-001,RID-C003-STRAT-001,RID-C003-SW-001,RID-C003-DEADLINE-001",UNRESOLVED,adversarial_qa_integration,,,,PROV-5626ec8e09a3,S4::08_validation_remediation_log_csv,1,remediation_log,ADVERSARIAL_QA_REQUIRED,,,,2026-08-30T08:57:19Z,"REM-012 now requires authorized primary, robustness, negative-result, and F6-F8 closure; remains OPEN."
09-submission/venue-portfolio.csv,SUBMISSION_QA,true,UNASSIGNED,MISSING,0,,07-manuscript/manuscript.md|08-validation/killer-question-ledger.csv,,UNRESOLVED,,,,,,S4::09_submission_venue_portfolio_csv,1,venue_portfolio,VENUE_PORTFOLIO_REQUIRED,,,,,
09-submission/venue-rules.md,SUBMISSION_QA,true,UNASSIGNED,MISSING,0,,07-manuscript/manuscript.md|09-submission/venue-portfolio.csv,,UNRESOLVED,,,,,,S4::09_submission_venue_rules_md,1,venue_rules,SUBMISSION_REQUIRED,,,,,
09-submission/reporting-checklist.md,SUBMISSION_QA,true,UNASSIGNED,MISSING,0,,09-submission/venue-rules.md|07-manuscript/manuscript.md,,UNRESOLVED,,,,,,S4::09_submission_reporting_checklist_md,1,reporting_checklist,SUBMISSION_REQUIRED,,,,,
09-submission/submission-audit.md,SUBMISSION_QA,true,UNASSIGNED,MISSING,0,,09-submission/venue-rules.md|09-submission/reporting-checklist.md|08-validation/remediation-log.csv,,UNRESOLVED,,,,,,S4::09_submission_submission_audit_md,1,submission_audit,SUBMISSION_REQUIRED,,,,,
09-submission/submission-gate-ledger.csv,SUBMISSION_QA,true,UNASSIGNED,MISSING,0,,09-submission/submission-audit.md|09-submission/venue-rules.md|09-submission/reporting-checklist.md,,UNRESOLVED,,,,,,S4::09_submission_submission_gate_ledger_csv,1,submission_gate_ledger,SUBMISSION_REQUIRED,,,,,
09-submission/novelty-refresh.md,SUBMISSION_QA,true,root-integration-owner,DRAFT,1,8a88f86cdee0caa6faf75f658345c29ac0a07e86e870cd8c50f1ecf9cab59634,01-novelty/search-protocol.md|01-novelty/search-coverage.csv|01-novelty/novelty-matrix.csv|07-manuscript/manuscript.md,,UNRESOLVED,root-integration-owner,,,,PROV-f26a5dcf4c9b,S4::09_submission_novelty_refresh_md,1,novelty_refresh,SUBMISSION_REQUIRED,,,,2026-08-30T05:32:56Z,Submission-time novelty refresh created on 2026-08-30 from bounded public-source checks and current local novelty artifacts; broad novelty remains rejected and the ceiling stays NOVELTY_UNRESOLVED.
09-submission/acceptance-readiness.md,SUBMISSION_QA,true,root-integration-owner,DRAFT,9,a56269f2a59aa29fe6d72aaf10ab14ae570aaa5514f68ea7685b5594935fdff0,09-submission/venue-portfolio.csv|09-submission/venue-rules.md|09-submission/submission-audit.md|09-submission/submission-gate-ledger.csv|09-submission/novelty-refresh.md|08-validation/postdoctoral-standards-audit.md,,UNRESOLVED,acceptance-readiness-gap-exporter,,,,PROV-a4ff8aea9aaf,S4::09_submission_acceptance_readiness_md,1,acceptance_readiness,READINESS_REQUIRED,,,,2026-08-30T09:14:24Z,"Refreshed after invalid AI-generated INTAKE verification was quarantined; canonical phase is INTAKE, human verification events are absent, and acceptance readiness remains NOT_ASSESSABLE."
09-submission/acceptance-forecast.csv,SUBMISSION_QA,false,UNASSIGNED,MISSING,0,,09-submission/venue-portfolio.csv|09-submission/acceptance-readiness.md,,UNRESOLVED,,,,,,S4::09_submission_acceptance_forecast_csv,1,acceptance_forecast,FORECAST_ONLY_WHEN_ESTIMABLE,,,,,
09-submission/build-manifest.json,SUBMISSION_QA,false,UNASSIGNED,MISSING,0,,07-manuscript/source-manifest.json|09-submission/venue-rules.md,,UNRESOLVED,,,,,,S4::09_submission_build_manifest_json,1,submission_build_manifest,BUILD_REQUIRED_FOR_REPRODUCIBLE_SUBMISSION,,,,,
09-submission/environment-capture.json,SUBMISSION_QA,false,UNASSIGNED,MISSING,0,,09-submission/build-manifest.json,,UNRESOLVED,,,,,,S4::09_submission_environment_capture_json,1,environment_capture,ENVIRONMENT_REQUIRED_FOR_REPRODUCIBLE_SUBMISSION,,,,,
09-submission/analysis-replay-report.md,SUBMISSION_QA,false,UNASSIGNED,MISSING,0,,05-analysis/reproducibility-report.md|09-submission/build-manifest.json,,UNRESOLVED,,,,,,S4::09_submission_analysis_replay_report_md,1,analysis_replay_report,REPLAY_REQUIRED_FOR_REPRODUCIBLE_SUBMISSION,,,,,
09-submission/pdf-qa.json,SUBMISSION_QA,false,UNASSIGNED,MISSING,0,,09-submission/build-manifest.json|09-submission/submission-audit.md,,UNRESOLVED,,,,,,S4::09_submission_pdf_qa_json,1,pdf_qa,PDF_QA_REQUIRED_WHEN_PDF_SUBMITTED,,,,,
09-submission/package-manifest.json,SUBMISSION_QA,false,UNASSIGNED,MISSING,0,,09-submission/build-manifest.json|09-submission/pdf-qa.json,,UNRESOLVED,,,,,,S4::09_submission_package_manifest_json,1,package_manifest,PACKAGE_MANIFEST_REQUIRED,,,,,
09-submission/human-approval.md,HUMAN_APPROVAL,true,UNASSIGNED,MISSING,0,,09-submission/submission-audit.md|09-submission/acceptance-readiness.md,,UNRESOLVED,,,,,,S4::09_submission_human_approval_md,1,human_approval,HUMAN_AUTHORITY_REQUIRED,,,,,
