query_id,access_date,surface,query_or_lookup,snippets_screened,pages_opened,included_records,decision,notes
P01,2026-08-29,Google Patents,"site:patents.google.com threshold decryption blockchain patent",1,1,1,include,"Top-return screening led to EP3811560B1 as the only material adjacent hit captured in this pass."
P02,2026-08-29,Google Patents,"site:patents.google.com threshold encryption blockchain privacy patent",1,1,1,include,"Reinforced EP3811560B1 adjacency; no single direct KEYSTONE-style readiness-audit patent recovered."
P03,2026-08-29,Google Patents,"site:patents.google.com verifiable partial decryption patent",1,0,0,exclude,"Returned generic primitive-level noise; no stronger operational blockchain predecessor opened from this query."
P04,2026-08-29,Google Patents,"site:patents.google.com secret share availability audit patent",1,1,1,include,"Led to US20170005797A1 as an operational share-retrievability / challenge-system adjacency."
P05,2026-08-29,Google Patents,"site:patents.google.com ""threshold decryption"" blockchain ""patent""",1,1,1,include,"Overlap with EP3811560B1 / related threshold-blockchain pages; broad framing further weakened."
P06,2026-08-29,Google Patents,"site:patents.google.com ""mempool privacy"" threshold decryption patent",1,0,0,exclude,"No opened patent page in this pass; noisy search results only."
P07,2026-08-29,Google Patents,"site:patents.google.com ""threshold key"" blockchain secret patent",1,0,0,exclude,"No material direct hit opened."
P08,2026-08-29,Google Patents,"site:patents.google.com ""publicly verifiable secret sharing"" patent blockchain",1,0,0,exclude,"Mostly primitive-level or noisy results; no direct operational predecessor opened."
P09,2026-08-29,Google Patents,"site:patents.google.com ""encrypted mempool"" patent",1,0,0,exclude,"No material patent page opened."
P10,2026-08-29,Google Patents,"site:patents.google.com ""threshold services network"" patent",1,0,0,exclude,"No material patent page opened."
P11,2026-08-29,Google Patents,"site:patents.google.com ""challenge window"" threshold decryption patent blockchain",1,0,0,exclude,"No direct claim-defeating patent recovered."
P12,2026-08-29,Google Patents,"site:patents.google.com ""public bulletin board"" threshold decryption patent",1,0,0,exclude,"No material patent page opened."
P13,2026-08-29,Google Patents,"site:patents.google.com ""threshold decryption"" audit patent",1,1,1,include,"Recovered the strongest public patent wording overlap through EP3811560B1 audit-procedure language."
P14,2026-08-29,Google Patents,"site:patents.google.com ""secret share"" retrievability patent",1,1,1,include,"Recovered US20170005797A1 as the strongest retrievability-adjacent public patent."
P15,2026-08-29,Google Patents,"site:patents.google.com ""proof of retrievability"" patent threshold",1,1,1,include,"Reinforced US20170005797A1 operational share-checking relevance."
P16,2026-08-29,Google Patents,"site:patents.google.com ""key availability"" threshold patent blockchain",1,0,0,exclude,"No direct public patent recovered for the exact key-serviceability wording."
P17,2026-08-29,Google Patents,"site:patents.google.com ""audit procedure"" ""threshold decryption shares"" blockchain",1,1,1,include,"Directly matched EP3811560B1 wording and was treated as the strongest patent overlap."
P18,2026-08-29,Google Patents,"site:patents.google.com ""proof-of-retrievability"" ""secret shares""",1,1,1,include,"Directly reinforced US20170005797A1 adjacency."
P19,2026-08-29,Google Patents,"site:patents.google.com ""threshold decryption method"" correctness patent",1,1,1,background,"Recovered WO2024228005A1 as a contemporary correctness-check background source."
S01,2026-08-29,Web search,"site:ethresear.ch threshold decryption mempool privacy rollup",1,0,0,background,"Useful for context, but the stronger closure document used here is the public Optimism technical proposal and prior paper chain."
S02,2026-08-29,Web search,"site:gov.optimism.io shutterized optimism encrypted mempool",1,1,1,include,"Recovered the OP Stack / Bedrock threshold-encryption architecture document."
S03,2026-08-29,Web search,"site:fhenix.io FHE rollups threshold decryption network",1,1,1,include,"Recovered the public Fhenix threshold-decryption-network architecture statement."
S04,2026-08-29,Web search,"site:ethresear.ch private optimistic rollup threshold decryption",1,0,0,background,"Contextual results only; not used as a primary closure source."
S05,2026-08-29,Web search,"site:ethresear.ch ""threshold decryption"" rollup dispute",1,0,0,background,"No stronger direct dispute-readiness source opened from this query."
S06,2026-08-29,Web search,"site:gov.optimism.io ""encrypted mempool"" ""threshold encryption"" OP Stack",1,1,1,include,"Reinforced the same Shutterized Optimism architecture document."
S07,2026-08-29,Web search,"site:fhenix.io ""Threshold Services Network""",1,0,0,background,"Search pointed to the same family of public Fhenix architecture material; not separately opened here."
S08,2026-08-29,Web search,"site:fhenix.io ""threshold decryption"" ""whitepaper""",1,0,0,background,"No additional stronger public source used beyond the opened Fhenix page."
S09,2026-08-29,Web search,"site:fhenix.io ""FHE Rollups"" threshold decryption network",1,1,1,include,"Same opened Fhenix rollups source."
S10,2026-08-29,Web search,"site:fhenix.io ""threshold network"" decryption requests",1,0,0,background,"Contextual, but not a stronger closure source than the opened rollups page."
S11,2026-08-29,Known-item recovery,"https://eips.ethereum.org/EIPS/eip-7594",0,1,1,include,"Official standard page opened directly for public DAS overlap."
S12,2026-08-29,Known-item recovery,"https://www.usenix.org/conference/usenixsecurity23/presentation/yurek",0,1,1,include,"Known-item recovery for DPSS under churn/faults."
C01,2026-08-29,OpenAlex DOI lookup,"https://api.openalex.org/works?filter=doi:10.1109/access.2026.3725080",0,1,1,include,"Recovered 2026 UQ-Vote metadata; cited_by_count was early and low, so chain importance comes mainly from references and topic overlap."
C02,2026-08-29,OpenAlex DOI lookup,"https://api.openalex.org/works?filter=doi:10.1007/978-981-95-5119-4_16",0,1,1,include,"Recovered Context-Dependent Threshold Decryption metadata with nonzero reference and citation counts."
C03,2026-08-29,OpenAlex DOI lookup,"https://api.openalex.org/works?filter=doi:10.1145/3719027.3765032",0,1,1,include,"Recovered Accountable Liveness metadata; forward counts still immature."
C04,2026-08-29,OpenAlex DOI lookup,"https://api.openalex.org/works?filter=doi:10.1007/11605805_15",0,1,1,include,"Recovered classic threshold-encryption root with high citation count."
C05,2026-08-29,Crossref raw snapshot,"../primary-search/raw/crossref_uq_vote.json",0,1,1,include,"Backward chain confirmed references including Wallet Databases with Observers and election/public-audit lineage."
C06,2026-08-29,Crossref raw snapshot,"../primary-search/raw/crossref_accountable_liveness.json",0,1,1,include,"Backward chain confirmed accountability/liveness lineage including availability-accountability work."
C07,2026-08-29,Crossref raw snapshot,"../primary-search/raw/crossref_mempool_privacy_2025.json",0,1,1,include,"Backward chain confirmed Ferveo, Shutter, vetKeys, and practical encrypted-mempool links."
Z01,2026-08-29,Interpretation,"bounded public closure pass",0,0,0,limit,"No query in this log should be read as exhaustive patent or standards closure; zero-hit rows are explicitly non-proof rows."
