result_id,estimand_id,claim_ids,mpp_lane,result_class,decision_role,experimental_unit,denominator,planned_replicates,execution_status,authorized,independent,observed_outcome,estimate,uncertainty,analysis_status,evidence_origin,evidence_maturity,claim_ceiling,source_contract,planned_output,required_predecessors,notes
RID-C001-SEP-001,EST-01,C001,MINIMUM_SHORT_PAPER_CORE,DETERMINISTIC_OBLIGATION,PRIMARY_SEPARATION,preserved counterexample class,counterexample classes per stated model variant,EXHAUSTIVE_STATED_MODEL_VARIANTS,BLOCKED_PENDING_GATE,false,false,NOT_COLLECTED,NOT_ESTIMATED,NOT_ESTIMATED,DRAFT_RESULT_CONTRACT_ONLY,NO_NEW_EVIDENCE,V0 ASSERTED,V0 ASSERTED,research-case/02-feasibility/pilot-run-contract.csv,05-analysis/results/confirmatory/RID-C001-SEP-001.json,PC01 authority verified|PC02 narrow novelty safely disposed|PC03 prospective design amendment independently verified,"Schema-complete preauthorization result slot only; no observation, execution, verification, or phase promotion."
RID-C001-STATIC-001,EST-02,C001|C003,MINIMUM_SHORT_PAPER_CORE,ANALYTIC_CALCULATION,PRIMARY_STATIC_BOUND,frozen parameter cell,exact parameter cells under one semantics,EXHAUSTIVE_FROZEN_PARAMETER_CELLS,BLOCKED_PENDING_GATE,false,false,NOT_COLLECTED,NOT_ESTIMATED,NOT_ESTIMATED,DRAFT_RESULT_CONTRACT_ONLY,NO_NEW_EVIDENCE,V0 ASSERTED,V0 ASSERTED,research-case/02-feasibility/pilot-run-contract.csv,05-analysis/results/confirmatory/RID-C001-STATIC-001.json,PC01 authority verified|PC02 narrow novelty safely disposed|PC03 prospective design amendment independently verified,"Schema-complete preauthorization result slot only; no observation, execution, verification, or phase promotion."
RID-C002-CRYPTO-001,EST-03,C002|C003,MINIMUM_SHORT_PAPER_CORE,DETERMINISTIC_OBLIGATION,PROTOTYPE_CORRECTNESS,named cryptographic correctness case,required threshold invalid-partial stale-context replay and ciphertext-boundary cases,EXHAUSTIVE_NAMED_CASE_SET,BLOCKED_PENDING_GATE,false,false,NOT_COLLECTED,NOT_ESTIMATED,NOT_ESTIMATED,DRAFT_RESULT_CONTRACT_ONLY,NO_NEW_EVIDENCE,V0 ASSERTED,V0 ASSERTED,research-case/02-feasibility/pilot-run-contract.csv,05-analysis/results/confirmatory/RID-C002-CRYPTO-001.json,PC01 authority verified|PC02 narrow novelty safely disposed|PC03 prospective design amendment independently verified,"Schema-complete preauthorization result slot only; no observation, execution, verification, or phase promotion."
RID-C002-CONTRACT-001,EST-04,C002,MINIMUM_SHORT_PAPER_CORE,DETERMINISTIC_OBLIGATION,CONTRACT_EVIDENCE_BOUNDARY,complete named lifecycle trace,required success missing invalid and equivocation lifecycle cases,EXHAUSTIVE_NAMED_CASE_SET,BLOCKED_PENDING_GATE,false,false,NOT_COLLECTED,NOT_ESTIMATED,NOT_ESTIMATED,DRAFT_RESULT_CONTRACT_ONLY,NO_NEW_EVIDENCE,V0 ASSERTED,V0 ASSERTED,research-case/02-feasibility/pilot-run-contract.csv,05-analysis/results/confirmatory/RID-C002-CONTRACT-001.json,PC01 authority verified|PC02 narrow novelty safely disposed|PC03 prospective design amendment independently verified,"Schema-complete preauthorization result slot only; no observation, execution, verification, or phase promotion."
RID-C003-IID-001,EST-05,C003,MINIMUM_SHORT_PAPER_SUPPORT,STOCHASTIC_SCENARIO_FAMILY,MODEL_QUALIFICATION,one prespecified seed block containing 4096 independent model draws,131072 prespecified draws plus 32 blockwise estimates per IID cell,32_PRIMARY_SEED_BLOCKS_X_4096_DRAWS_PER_CELL_PLUS_4_RESERVE,BLOCKED_PENDING_GATE,false,false,NOT_COLLECTED,NOT_ESTIMATED,NOT_ESTIMATED,DRAFT_RESULT_CONTRACT_ONLY,NO_NEW_EVIDENCE,V0 ASSERTED,V0 ASSERTED,research-case/02-feasibility/pilot-run-contract.csv,05-analysis/results/confirmatory/RID-C003-IID-001.csv,PC01 authority verified|PC02 narrow novelty safely disposed|PC03 prospective design amendment independently verified|PC03 count and seed contract,"Schema-complete preauthorization result slot only; no observation, execution, verification, or phase promotion."
RID-C003-CORR-001,EST-06,C003,MINIMUM_SHORT_PAPER_SUPPORT,STOCHASTIC_SCENARIO_FAMILY,CORRELATION_QUALIFICATION,excluded pending truthful domain-label source,no confirmatory denominator while excluded,EXCLUDED_PENDING_TRUTHFUL_DOMAIN_LABEL_SOURCE,EXCLUDED_PENDING_TRUTHFUL_DOMAIN_LABEL_SOURCE,false,false,NOT_COLLECTED,NOT_ESTIMATED,NOT_ESTIMATED,DRAFT_RESULT_CONTRACT_ONLY,NO_NEW_EVIDENCE,V0 ASSERTED,V0 ASSERTED,research-case/02-feasibility/pilot-run-contract.csv,05-analysis/results/confirmatory/RID-C003-CORR-001.csv,PC01 authority verified|PC02 narrow novelty safely disposed|PC03 prospective design amendment independently verified|separate correlated-domain amendment,"Schema-complete preauthorization result slot only; no observation, execution, verification, or phase promotion."
RID-C003-STRAT-001,EST-07,C003,MINIMUM_SHORT_PAPER_SUPPORT,PAIRED_COMPARISON,SAMPLING_POLICY_QUALIFICATION,one matched seed block containing 4096 common-random-number policy pairs,131072 matched draws plus 32 blockwise paired estimates per sample-size cell,32_PRIMARY_SEED_BLOCKS_X_4096_DRAWS_PER_CELL_PLUS_4_RESERVE,BLOCKED_PENDING_GATE,false,false,NOT_COLLECTED,NOT_ESTIMATED,NOT_ESTIMATED,DRAFT_RESULT_CONTRACT_ONLY,NO_NEW_EVIDENCE,V0 ASSERTED,V0 ASSERTED,research-case/02-feasibility/pilot-run-contract.csv,05-analysis/results/confirmatory/RID-C003-STRAT-001.csv,PC01 authority verified|PC02 narrow novelty safely disposed|PC03 prospective design amendment independently verified|PC03 paired count and seed contract,"Schema-complete preauthorization result slot only; no observation, execution, verification, or phase promotion."
RID-C003-SW-001,EST-08,C003,MINIMUM_SHORT_PAPER_CORE,PAIRED_NEGATIVE_RESULT,DECISIVE_LIMITATION,one seed block containing 4096 draws with both audit and dispute outcomes,131072 paired draws plus 32 blockwise gap estimates per adversary cell,32_PRIMARY_SEED_BLOCKS_X_4096_DRAWS_PER_CELL_PLUS_4_RESERVE,BLOCKED_PENDING_GATE,false,false,NOT_COLLECTED,NOT_ESTIMATED,NOT_ESTIMATED,DRAFT_RESULT_CONTRACT_ONLY,NO_NEW_EVIDENCE,V0 ASSERTED,V0 ASSERTED,research-case/02-feasibility/pilot-run-contract.csv,05-analysis/results/confirmatory/RID-C003-SW-001.csv,PC01 authority verified|PC02 narrow novelty safely disposed|PC03 prospective design amendment independently verified|PC03 paired count and seed contract,"Schema-complete preauthorization result slot only; no observation, execution, verification, or phase promotion."
RID-C003-DEADLINE-001,EST-09,C003,EXTENDED_FULL_PAPER,DISTRIBUTED_TRACE_BENCHMARK,CONDITIONAL_DEADLINE_LIVENESS,excluded pending environment profile,no trace-level denominator while excluded,EXCLUDED_PENDING_ENVIRONMENT_PROFILE,EXCLUDED_PENDING_ENVIRONMENT_PROFILE,false,false,NOT_COLLECTED,NOT_ESTIMATED,NOT_ESTIMATED,DRAFT_RESULT_CONTRACT_ONLY,NO_NEW_EVIDENCE,V0 ASSERTED,V0 ASSERTED,research-case/02-feasibility/pilot-run-contract.csv,05-analysis/results/confirmatory/RID-C003-DEADLINE-001.csv,PC01 authority verified|PC02 narrow novelty safely disposed|PC03 prospective design amendment independently verified|separate deadline environment and precision amendment,"Schema-complete preauthorization result slot only; no observation, execution, verification, or phase promotion."
