robustness_id,claim_ids,evidence_ids,source_asset_id,source_path,experiment_id,analysis_class,boundary_axis,condition,result,uncertainty,comparison,sample_size,seed,analysis_status,authorized,independent,evidence_origin,evidence_maturity,claim_ceiling,interpretation_boundary,excluded_generality,notes
ROB-IID-0000,C003,RID-C003-IID-001,ASSET-IID-FAILURE-SWEEP,prototype/results/iid_failure_sweep.csv,EXP-IID-FAILURE-SWEEP,PREAUTHORIZATION_SIMULATION_ROBUSTNESS_OR_BOUNDARY,iid_offline_probability,offline_probability=0.0; n=32; threshold=22; audit_sample_size=8; required_audit_responses=8; domains=4; domain_outage_probability=0.0,reconstruction_success_rate=1.0; audit_pass_rate=1.0; catastrophic_detection_rate=1.0; catastrophic_trials=0,"reconstruction_ci=[0.9996799808766326, 1.0]; audit_pass_ci=[0.9996799808766326, 1.0]; no detection CI is present in the frozen source",descriptive IID sweep cell; no synthesized contrast or inferential comparison,12000,202600,DRAFT_ROBUSTNESS_BOUNDARY_ONLY,false,false,SIMULATED,V2 SIMULATED,V0 ASSERTED,"IID outage sweep only; correlated, temporal, targeted-withholding, deadline, and deployed behavior are excluded.","No production, field, external-replication, deadline, universal-security, or deployment claim.","Descriptive frozen preauthorization simulation row only; Monte Carlo trials per scenario are recorded in sample_size; no hypothesis test, confirmatory inference, gate promotion, or author-metadata freeze."
ROB-IID-0025,C003,RID-C003-IID-001,ASSET-IID-FAILURE-SWEEP,prototype/results/iid_failure_sweep.csv,EXP-IID-FAILURE-SWEEP,PREAUTHORIZATION_SIMULATION_ROBUSTNESS_OR_BOUNDARY,iid_offline_probability,offline_probability=0.025; n=32; threshold=22; audit_sample_size=8; required_audit_responses=8; domains=4; domain_outage_probability=0.0,reconstruction_success_rate=1.0; audit_pass_rate=0.8159166666666666; catastrophic_detection_rate=1.0; catastrophic_trials=0,"reconstruction_ci=[0.9996799808766326, 1.0]; audit_pass_ci=[0.8088818796395747, 0.8227492549443107]; no detection CI is present in the frozen source",descriptive IID sweep cell; no synthesized contrast or inferential comparison,12000,202625,DRAFT_ROBUSTNESS_BOUNDARY_ONLY,false,false,SIMULATED,V2 SIMULATED,V0 ASSERTED,"IID outage sweep only; correlated, temporal, targeted-withholding, deadline, and deployed behavior are excluded.","No production, field, external-replication, deadline, universal-security, or deployment claim.","Descriptive frozen preauthorization simulation row only; Monte Carlo trials per scenario are recorded in sample_size; no hypothesis test, confirmatory inference, gate promotion, or author-metadata freeze."
ROB-IID-0050,C003,RID-C003-IID-001,ASSET-IID-FAILURE-SWEEP,prototype/results/iid_failure_sweep.csv,EXP-IID-FAILURE-SWEEP,PREAUTHORIZATION_SIMULATION_ROBUSTNESS_OR_BOUNDARY,iid_offline_probability,offline_probability=0.05; n=32; threshold=22; audit_sample_size=8; required_audit_responses=8; domains=4; domain_outage_probability=0.0,reconstruction_success_rate=1.0; audit_pass_rate=0.6664166666666667; catastrophic_detection_rate=1.0; catastrophic_trials=0,"reconstruction_ci=[0.9996799808766326, 1.0]; audit_pass_ci=[0.6579286697717229, 0.6747981505300497]; no detection CI is present in the frozen source",descriptive IID sweep cell; no synthesized contrast or inferential comparison,12000,202650,DRAFT_ROBUSTNESS_BOUNDARY_ONLY,false,false,SIMULATED,V2 SIMULATED,V0 ASSERTED,"IID outage sweep only; correlated, temporal, targeted-withholding, deadline, and deployed behavior are excluded.","No production, field, external-replication, deadline, universal-security, or deployment claim.","Descriptive frozen preauthorization simulation row only; Monte Carlo trials per scenario are recorded in sample_size; no hypothesis test, confirmatory inference, gate promotion, or author-metadata freeze."
ROB-IID-0075,C003,RID-C003-IID-001,ASSET-IID-FAILURE-SWEEP,prototype/results/iid_failure_sweep.csv,EXP-IID-FAILURE-SWEEP,PREAUTHORIZATION_SIMULATION_ROBUSTNESS_OR_BOUNDARY,iid_offline_probability,offline_probability=0.075; n=32; threshold=22; audit_sample_size=8; required_audit_responses=8; domains=4; domain_outage_probability=0.0,reconstruction_success_rate=1.0; audit_pass_rate=0.5336666666666666; catastrophic_detection_rate=1.0; catastrophic_trials=0,"reconstruction_ci=[0.9996799808766326, 1.0]; audit_pass_ci=[0.524731646333492, 0.5425801390455346]; no detection CI is present in the frozen source",descriptive IID sweep cell; no synthesized contrast or inferential comparison,12000,202675,DRAFT_ROBUSTNESS_BOUNDARY_ONLY,false,false,SIMULATED,V2 SIMULATED,V0 ASSERTED,"IID outage sweep only; correlated, temporal, targeted-withholding, deadline, and deployed behavior are excluded.","No production, field, external-replication, deadline, universal-security, or deployment claim.","Descriptive frozen preauthorization simulation row only; Monte Carlo trials per scenario are recorded in sample_size; no hypothesis test, confirmatory inference, gate promotion, or author-metadata freeze."
ROB-IID-0100,C003,RID-C003-IID-001,ASSET-IID-FAILURE-SWEEP,prototype/results/iid_failure_sweep.csv,EXP-IID-FAILURE-SWEEP,PREAUTHORIZATION_SIMULATION_ROBUSTNESS_OR_BOUNDARY,iid_offline_probability,offline_probability=0.1; n=32; threshold=22; audit_sample_size=8; required_audit_responses=8; domains=4; domain_outage_probability=0.0,reconstruction_success_rate=0.9995833333333334; audit_pass_rate=0.4350833333333333; catastrophic_detection_rate=1.0; catastrophic_trials=5,"reconstruction_ci=[0.9990249020372447, 0.9998220121886573]; audit_pass_ci=[0.42623525249828387, 0.44397296331790004]; no detection CI is present in the frozen source",descriptive IID sweep cell; no synthesized contrast or inferential comparison,12000,202700,DRAFT_ROBUSTNESS_BOUNDARY_ONLY,false,false,SIMULATED,V2 SIMULATED,V0 ASSERTED,"IID outage sweep only; correlated, temporal, targeted-withholding, deadline, and deployed behavior are excluded.","No production, field, external-replication, deadline, universal-security, or deployment claim.","Descriptive frozen preauthorization simulation row only; Monte Carlo trials per scenario are recorded in sample_size; no hypothesis test, confirmatory inference, gate promotion, or author-metadata freeze."
ROB-IID-0125,C003,RID-C003-IID-001,ASSET-IID-FAILURE-SWEEP,prototype/results/iid_failure_sweep.csv,EXP-IID-FAILURE-SWEEP,PREAUTHORIZATION_SIMULATION_ROBUSTNESS_OR_BOUNDARY,iid_offline_probability,offline_probability=0.125; n=32; threshold=22; audit_sample_size=8; required_audit_responses=8; domains=4; domain_outage_probability=0.0,reconstruction_success_rate=0.9983333333333333; audit_pass_rate=0.34358333333333335; catastrophic_detection_rate=1.0; catastrophic_trials=20,"reconstruction_ci=[0.9974269241272443, 0.998920790146466]; audit_pass_ci=[0.3351376470154553, 0.3521291323003049]; no detection CI is present in the frozen source",descriptive IID sweep cell; no synthesized contrast or inferential comparison,12000,202725,DRAFT_ROBUSTNESS_BOUNDARY_ONLY,false,false,SIMULATED,V2 SIMULATED,V0 ASSERTED,"IID outage sweep only; correlated, temporal, targeted-withholding, deadline, and deployed behavior are excluded.","No production, field, external-replication, deadline, universal-security, or deployment claim.","Descriptive frozen preauthorization simulation row only; Monte Carlo trials per scenario are recorded in sample_size; no hypothesis test, confirmatory inference, gate promotion, or author-metadata freeze."
ROB-IID-0150,C003,RID-C003-IID-001,ASSET-IID-FAILURE-SWEEP,prototype/results/iid_failure_sweep.csv,EXP-IID-FAILURE-SWEEP,PREAUTHORIZATION_SIMULATION_ROBUSTNESS_OR_BOUNDARY,iid_offline_probability,offline_probability=0.15; n=32; threshold=22; audit_sample_size=8; required_audit_responses=8; domains=4; domain_outage_probability=0.0,reconstruction_success_rate=0.9945; audit_pass_rate=0.2733333333333333; catastrophic_detection_rate=0.9848484848484849; catastrophic_trials=66,"reconstruction_ci=[0.9930092838495308, 0.9956742172374589]; audit_pass_ci=[0.2654329059850601, 0.2813788360175332]; no detection CI is present in the frozen source",descriptive IID sweep cell; no synthesized contrast or inferential comparison,12000,202750,DRAFT_ROBUSTNESS_BOUNDARY_ONLY,false,false,SIMULATED,V2 SIMULATED,V0 ASSERTED,"IID outage sweep only; correlated, temporal, targeted-withholding, deadline, and deployed behavior are excluded.","No production, field, external-replication, deadline, universal-security, or deployment claim.","Descriptive frozen preauthorization simulation row only; Monte Carlo trials per scenario are recorded in sample_size; no hypothesis test, confirmatory inference, gate promotion, or author-metadata freeze."
ROB-IID-0175,C003,RID-C003-IID-001,ASSET-IID-FAILURE-SWEEP,prototype/results/iid_failure_sweep.csv,EXP-IID-FAILURE-SWEEP,PREAUTHORIZATION_SIMULATION_ROBUSTNESS_OR_BOUNDARY,iid_offline_probability,offline_probability=0.175; n=32; threshold=22; audit_sample_size=8; required_audit_responses=8; domains=4; domain_outage_probability=0.0,reconstruction_success_rate=0.981; audit_pass_rate=0.21091666666666667; catastrophic_detection_rate=0.9780701754385965; catastrophic_trials=228,"reconstruction_ci=[0.978398923352374, 0.9832932182509464]; audit_pass_ci=[0.20371057586727315, 0.21830778185588712]; no detection CI is present in the frozen source",descriptive IID sweep cell; no synthesized contrast or inferential comparison,12000,202775,DRAFT_ROBUSTNESS_BOUNDARY_ONLY,false,false,SIMULATED,V2 SIMULATED,V0 ASSERTED,"IID outage sweep only; correlated, temporal, targeted-withholding, deadline, and deployed behavior are excluded.","No production, field, external-replication, deadline, universal-security, or deployment claim.","Descriptive frozen preauthorization simulation row only; Monte Carlo trials per scenario are recorded in sample_size; no hypothesis test, confirmatory inference, gate promotion, or author-metadata freeze."
ROB-IID-0200,C003,RID-C003-IID-001,ASSET-IID-FAILURE-SWEEP,prototype/results/iid_failure_sweep.csv,EXP-IID-FAILURE-SWEEP,PREAUTHORIZATION_SIMULATION_ROBUSTNESS_OR_BOUNDARY,iid_offline_probability,offline_probability=0.2; n=32; threshold=22; audit_sample_size=8; required_audit_responses=8; domains=4; domain_outage_probability=0.0,reconstruction_success_rate=0.9576666666666667; audit_pass_rate=0.16708333333333333; catastrophic_detection_rate=0.9763779527559056; catastrophic_trials=508,"reconstruction_ci=[0.9539152888348558, 0.9611251203275551]; audit_pass_ci=[0.16051549742060423, 0.1738642486457046]; no detection CI is present in the frozen source",descriptive IID sweep cell; no synthesized contrast or inferential comparison,12000,202800,DRAFT_ROBUSTNESS_BOUNDARY_ONLY,false,false,SIMULATED,V2 SIMULATED,V0 ASSERTED,"IID outage sweep only; correlated, temporal, targeted-withholding, deadline, and deployed behavior are excluded.","No production, field, external-replication, deadline, universal-security, or deployment claim.","Descriptive frozen preauthorization simulation row only; Monte Carlo trials per scenario are recorded in sample_size; no hypothesis test, confirmatory inference, gate promotion, or author-metadata freeze."
ROB-IID-0225,C003,RID-C003-IID-001,ASSET-IID-FAILURE-SWEEP,prototype/results/iid_failure_sweep.csv,EXP-IID-FAILURE-SWEEP,PREAUTHORIZATION_SIMULATION_ROBUSTNESS_OR_BOUNDARY,iid_offline_probability,offline_probability=0.225; n=32; threshold=22; audit_sample_size=8; required_audit_responses=8; domains=4; domain_outage_probability=0.0,reconstruction_success_rate=0.9141666666666667; audit_pass_rate=0.13066666666666665; catastrophic_detection_rate=0.9941747572815534; catastrophic_trials=1030,"reconstruction_ci=[0.9090213239180357, 0.9190469269081082]; audit_pass_ci=[0.12475444859597072, 0.13681527219649006]; no detection CI is present in the frozen source",descriptive IID sweep cell; no synthesized contrast or inferential comparison,12000,202825,DRAFT_ROBUSTNESS_BOUNDARY_ONLY,false,false,SIMULATED,V2 SIMULATED,V0 ASSERTED,"IID outage sweep only; correlated, temporal, targeted-withholding, deadline, and deployed behavior are excluded.","No production, field, external-replication, deadline, universal-security, or deployment claim.","Descriptive frozen preauthorization simulation row only; Monte Carlo trials per scenario are recorded in sample_size; no hypothesis test, confirmatory inference, gate promotion, or author-metadata freeze."
ROB-IID-0250,C003,RID-C003-IID-001,ASSET-IID-FAILURE-SWEEP,prototype/results/iid_failure_sweep.csv,EXP-IID-FAILURE-SWEEP,PREAUTHORIZATION_SIMULATION_ROBUSTNESS_OR_BOUNDARY,iid_offline_probability,offline_probability=0.25; n=32; threshold=22; audit_sample_size=8; required_audit_responses=8; domains=4; domain_outage_probability=0.0,reconstruction_success_rate=0.8456666666666667; audit_pass_rate=0.10425; catastrophic_detection_rate=0.9859611231101512; catastrophic_trials=1852,"reconstruction_ci=[0.8390923488319143, 0.852019744614131]; audit_pass_ci=[0.09890855417241762, 0.10984474096372773]; no detection CI is present in the frozen source",descriptive IID sweep cell; no synthesized contrast or inferential comparison,12000,202850,DRAFT_ROBUSTNESS_BOUNDARY_ONLY,false,false,SIMULATED,V2 SIMULATED,V0 ASSERTED,"IID outage sweep only; correlated, temporal, targeted-withholding, deadline, and deployed behavior are excluded.","No production, field, external-replication, deadline, universal-security, or deployment claim.","Descriptive frozen preauthorization simulation row only; Monte Carlo trials per scenario are recorded in sample_size; no hypothesis test, confirmatory inference, gate promotion, or author-metadata freeze."
ROB-IID-0275,C003,RID-C003-IID-001,ASSET-IID-FAILURE-SWEEP,prototype/results/iid_failure_sweep.csv,EXP-IID-FAILURE-SWEEP,PREAUTHORIZATION_SIMULATION_ROBUSTNESS_OR_BOUNDARY,iid_offline_probability,offline_probability=0.275; n=32; threshold=22; audit_sample_size=8; required_audit_responses=8; domains=4; domain_outage_probability=0.0,reconstruction_success_rate=0.7518333333333334; audit_pass_rate=0.07308333333333333; catastrophic_detection_rate=0.9858965748824715; catastrophic_trials=2978,"reconstruction_ci=[0.7440251514025371, 0.7594803322989936]; audit_pass_ci=[0.06856190244773909, 0.07787800721376285]; no detection CI is present in the frozen source",descriptive IID sweep cell; no synthesized contrast or inferential comparison,12000,202875,DRAFT_ROBUSTNESS_BOUNDARY_ONLY,false,false,SIMULATED,V2 SIMULATED,V0 ASSERTED,"IID outage sweep only; correlated, temporal, targeted-withholding, deadline, and deployed behavior are excluded.","No production, field, external-replication, deadline, universal-security, or deployment claim.","Descriptive frozen preauthorization simulation row only; Monte Carlo trials per scenario are recorded in sample_size; no hypothesis test, confirmatory inference, gate promotion, or author-metadata freeze."
ROB-IID-0300,C003,RID-C003-IID-001,ASSET-IID-FAILURE-SWEEP,prototype/results/iid_failure_sweep.csv,EXP-IID-FAILURE-SWEEP,PREAUTHORIZATION_SIMULATION_ROBUSTNESS_OR_BOUNDARY,iid_offline_probability,offline_probability=0.3; n=32; threshold=22; audit_sample_size=8; required_audit_responses=8; domains=4; domain_outage_probability=0.0,reconstruction_success_rate=0.64125; audit_pass_rate=0.0575; catastrophic_detection_rate=0.9886178861788618; catastrophic_trials=4305,"reconstruction_ci=[0.6326244743104396, 0.649785120287209]; audit_pass_ci=[0.05347470441669473, 0.061808512507485494]; no detection CI is present in the frozen source",descriptive IID sweep cell; no synthesized contrast or inferential comparison,12000,202900,DRAFT_ROBUSTNESS_BOUNDARY_ONLY,false,false,SIMULATED,V2 SIMULATED,V0 ASSERTED,"IID outage sweep only; correlated, temporal, targeted-withholding, deadline, and deployed behavior are excluded.","No production, field, external-replication, deadline, universal-security, or deployment claim.","Descriptive frozen preauthorization simulation row only; Monte Carlo trials per scenario are recorded in sample_size; no hypothesis test, confirmatory inference, gate promotion, or author-metadata freeze."
ROB-IID-0325,C003,RID-C003-IID-001,ASSET-IID-FAILURE-SWEEP,prototype/results/iid_failure_sweep.csv,EXP-IID-FAILURE-SWEEP,PREAUTHORIZATION_SIMULATION_ROBUSTNESS_OR_BOUNDARY,iid_offline_probability,offline_probability=0.325; n=32; threshold=22; audit_sample_size=8; required_audit_responses=8; domains=4; domain_outage_probability=0.0,reconstruction_success_rate=0.5276666666666666; audit_pass_rate=0.0445; catastrophic_detection_rate=0.98712067748765; catastrophic_trials=5668,"reconstruction_ci=[0.518726972845288, 0.536588652763219]; audit_pass_ci=[0.040954104907227735, 0.04833743251416004]; no detection CI is present in the frozen source",descriptive IID sweep cell; no synthesized contrast or inferential comparison,12000,202925,DRAFT_ROBUSTNESS_BOUNDARY_ONLY,false,false,SIMULATED,V2 SIMULATED,V0 ASSERTED,"IID outage sweep only; correlated, temporal, targeted-withholding, deadline, and deployed behavior are excluded.","No production, field, external-replication, deadline, universal-security, or deployment claim.","Descriptive frozen preauthorization simulation row only; Monte Carlo trials per scenario are recorded in sample_size; no hypothesis test, confirmatory inference, gate promotion, or author-metadata freeze."
ROB-IID-0350,C003,RID-C003-IID-001,ASSET-IID-FAILURE-SWEEP,prototype/results/iid_failure_sweep.csv,EXP-IID-FAILURE-SWEEP,PREAUTHORIZATION_SIMULATION_ROBUSTNESS_OR_BOUNDARY,iid_offline_probability,offline_probability=0.35; n=32; threshold=22; audit_sample_size=8; required_audit_responses=8; domains=4; domain_outage_probability=0.0,reconstruction_success_rate=0.4048333333333333; audit_pass_rate=0.035916666666666666; catastrophic_detection_rate=0.9883786054326519; catastrophic_trials=7142,"reconstruction_ci=[0.39608270695059467, 0.4136448700225529]; audit_pass_ci=[0.03273302822680578, 0.03939733618953313]; no detection CI is present in the frozen source",descriptive IID sweep cell; no synthesized contrast or inferential comparison,12000,202950,DRAFT_ROBUSTNESS_BOUNDARY_ONLY,false,false,SIMULATED,V2 SIMULATED,V0 ASSERTED,"IID outage sweep only; correlated, temporal, targeted-withholding, deadline, and deployed behavior are excluded.","No production, field, external-replication, deadline, universal-security, or deployment claim.","Descriptive frozen preauthorization simulation row only; Monte Carlo trials per scenario are recorded in sample_size; no hypothesis test, confirmatory inference, gate promotion, or author-metadata freeze."
ROB-IID-0375,C003,RID-C003-IID-001,ASSET-IID-FAILURE-SWEEP,prototype/results/iid_failure_sweep.csv,EXP-IID-FAILURE-SWEEP,PREAUTHORIZATION_SIMULATION_ROBUSTNESS_OR_BOUNDARY,iid_offline_probability,offline_probability=0.375; n=32; threshold=22; audit_sample_size=8; required_audit_responses=8; domains=4; domain_outage_probability=0.0,reconstruction_success_rate=0.28441666666666665; audit_pass_rate=0.024833333333333332; catastrophic_detection_rate=0.9903342261558169; catastrophic_trials=8587,"reconstruction_ci=[0.2764149526395555, 0.2925563622724697]; audit_pass_ci=[0.02219740175637561, 0.02777338975053129]; no detection CI is present in the frozen source",descriptive IID sweep cell; no synthesized contrast or inferential comparison,12000,202975,DRAFT_ROBUSTNESS_BOUNDARY_ONLY,false,false,SIMULATED,V2 SIMULATED,V0 ASSERTED,"IID outage sweep only; correlated, temporal, targeted-withholding, deadline, and deployed behavior are excluded.","No production, field, external-replication, deadline, universal-security, or deployment claim.","Descriptive frozen preauthorization simulation row only; Monte Carlo trials per scenario are recorded in sample_size; no hypothesis test, confirmatory inference, gate promotion, or author-metadata freeze."
ROB-IID-0400,C003,RID-C003-IID-001,ASSET-IID-FAILURE-SWEEP,prototype/results/iid_failure_sweep.csv,EXP-IID-FAILURE-SWEEP,PREAUTHORIZATION_SIMULATION_ROBUSTNESS_OR_BOUNDARY,iid_offline_probability,offline_probability=0.4; n=32; threshold=22; audit_sample_size=8; required_audit_responses=8; domains=4; domain_outage_probability=0.0,reconstruction_success_rate=0.20466666666666666; audit_pass_rate=0.0175; catastrophic_detection_rate=0.9917225481978206; catastrophic_trials=9544,"reconstruction_ci=[0.19754307143435088, 0.2119792865278515]; audit_pass_ci=[0.015303628290444338, 0.020005190163605285]; no detection CI is present in the frozen source",descriptive IID sweep cell; no synthesized contrast or inferential comparison,12000,203000,DRAFT_ROBUSTNESS_BOUNDARY_ONLY,false,false,SIMULATED,V2 SIMULATED,V0 ASSERTED,"IID outage sweep only; correlated, temporal, targeted-withholding, deadline, and deployed behavior are excluded.","No production, field, external-replication, deadline, universal-security, or deployment claim.","Descriptive frozen preauthorization simulation row only; Monte Carlo trials per scenario are recorded in sample_size; no hypothesis test, confirmatory inference, gate promotion, or author-metadata freeze."
ROB-SAMPLING-04-UNIFORM,C003,RID-C003-STRAT-001,ASSET-SAMPLING-STRATEGY,prototype/results/sampling_strategy.csv,EXP-SAMPLING-STRATEGY,PREAUTHORIZATION_SIMULATION_ROBUSTNESS_OR_BOUNDARY,sampling_policy_and_audit_sample_size,audit_sample_size=4; strategy=uniform; n=32; threshold=22; domains=4; domain_outage_probability=0.2; independent_offline_probability=0.01; required_audit_responses=4,catastrophic_detection_rate=0.9535738142952572; catastrophic_trials=2994; audit_pass_rate=0.518375,"catastrophic_detection_ci=[0.94543834587679, 0.9605468562454176]; audit_pass_ci=[0.5106293129406374, 0.526111865826534]",uniform versus stratified under the declared matched seed schedule,16000,5504,DRAFT_ROBUSTNESS_BOUNDARY_ONLY,false,false,SIMULATED,V2 SIMULATED,V0 ASSERTED,"Matched-seed descriptive comparison of the declared policies only; it does not establish policy optimality, independent replication, or robustness outside evaluated cells.","No production, field, external-replication, deadline, universal-security, or deployment claim.","Descriptive frozen preauthorization simulation row only; Monte Carlo trials per scenario are recorded in sample_size; no hypothesis test, confirmatory inference, gate promotion, or author-metadata freeze."
ROB-SAMPLING-04-STRATIFIED,C003,RID-C003-STRAT-001,ASSET-SAMPLING-STRATEGY,prototype/results/sampling_strategy.csv,EXP-SAMPLING-STRATEGY,PREAUTHORIZATION_SIMULATION_ROBUSTNESS_OR_BOUNDARY,sampling_policy_and_audit_sample_size,audit_sample_size=4; strategy=stratified; n=32; threshold=22; domains=4; domain_outage_probability=0.2; independent_offline_probability=0.01; required_audit_responses=4,catastrophic_detection_rate=1.0; catastrophic_trials=3003; audit_pass_rate=0.3814375,"catastrophic_detection_ci=[0.998722427213638, 1.0]; audit_pass_ci=[0.3739403341526661, 0.38899158380201376]",uniform versus stratified under the declared matched seed schedule,16000,5504,DRAFT_ROBUSTNESS_BOUNDARY_ONLY,false,false,SIMULATED,V2 SIMULATED,V0 ASSERTED,"Matched-seed descriptive comparison of the declared policies only; it does not establish policy optimality, independent replication, or robustness outside evaluated cells.","No production, field, external-replication, deadline, universal-security, or deployment claim.","Descriptive frozen preauthorization simulation row only; Monte Carlo trials per scenario are recorded in sample_size; no hypothesis test, confirmatory inference, gate promotion, or author-metadata freeze."
ROB-SAMPLING-06-UNIFORM,C003,RID-C003-STRAT-001,ASSET-SAMPLING-STRATEGY,prototype/results/sampling_strategy.csv,EXP-SAMPLING-STRATEGY,PREAUTHORIZATION_SIMULATION_ROBUSTNESS_OR_BOUNDARY,sampling_policy_and_audit_sample_size,audit_sample_size=6; strategy=uniform; n=32; threshold=22; domains=4; domain_outage_probability=0.2; independent_offline_probability=0.01; required_audit_responses=6,catastrophic_detection_rate=0.9947807933194155; catastrophic_trials=2874; audit_pass_rate=0.449625,"catastrophic_detection_ci=[0.9914061835678688, 0.9968344963636233]; audit_pass_ci=[0.4419299901647076, 0.4573441932150879]",uniform versus stratified under the declared matched seed schedule,16000,5506,DRAFT_ROBUSTNESS_BOUNDARY_ONLY,false,false,SIMULATED,V2 SIMULATED,V0 ASSERTED,"Matched-seed descriptive comparison of the declared policies only; it does not establish policy optimality, independent replication, or robustness outside evaluated cells.","No production, field, external-replication, deadline, universal-security, or deployment claim.","Descriptive frozen preauthorization simulation row only; Monte Carlo trials per scenario are recorded in sample_size; no hypothesis test, confirmatory inference, gate promotion, or author-metadata freeze."
ROB-SAMPLING-06-STRATIFIED,C003,RID-C003-STRAT-001,ASSET-SAMPLING-STRATEGY,prototype/results/sampling_strategy.csv,EXP-SAMPLING-STRATEGY,PREAUTHORIZATION_SIMULATION_ROBUSTNESS_OR_BOUNDARY,sampling_policy_and_audit_sample_size,audit_sample_size=6; strategy=stratified; n=32; threshold=22; domains=4; domain_outage_probability=0.2; independent_offline_probability=0.01; required_audit_responses=6,catastrophic_detection_rate=1.0; catastrophic_trials=2912; audit_pass_rate=0.3818125,"catastrophic_detection_ci=[0.9986825556619091, 1.0]; audit_pass_ci=[0.3743138287519802, 0.3893679091775399]",uniform versus stratified under the declared matched seed schedule,16000,5506,DRAFT_ROBUSTNESS_BOUNDARY_ONLY,false,false,SIMULATED,V2 SIMULATED,V0 ASSERTED,"Matched-seed descriptive comparison of the declared policies only; it does not establish policy optimality, independent replication, or robustness outside evaluated cells.","No production, field, external-replication, deadline, universal-security, or deployment claim.","Descriptive frozen preauthorization simulation row only; Monte Carlo trials per scenario are recorded in sample_size; no hypothesis test, confirmatory inference, gate promotion, or author-metadata freeze."
ROB-SAMPLING-08-UNIFORM,C003,RID-C003-STRAT-001,ASSET-SAMPLING-STRATEGY,prototype/results/sampling_strategy.csv,EXP-SAMPLING-STRATEGY,PREAUTHORIZATION_SIMULATION_ROBUSTNESS_OR_BOUNDARY,sampling_policy_and_audit_sample_size,audit_sample_size=8; strategy=uniform; n=32; threshold=22; domains=4; domain_outage_probability=0.2; independent_offline_probability=0.01; required_audit_responses=8,catastrophic_detection_rate=0.99763991908294; catastrophic_trials=2966; audit_pass_rate=0.4060625,"catastrophic_detection_ci=[0.9951361532297123, 0.9988563008901185]; audit_pass_ci=[0.39847644919683595, 0.41369364710568585]",uniform versus stratified under the declared matched seed schedule,16000,5508,DRAFT_ROBUSTNESS_BOUNDARY_ONLY,false,false,SIMULATED,V2 SIMULATED,V0 ASSERTED,"Matched-seed descriptive comparison of the declared policies only; it does not establish policy optimality, independent replication, or robustness outside evaluated cells.","No production, field, external-replication, deadline, universal-security, or deployment claim.","Descriptive frozen preauthorization simulation row only; Monte Carlo trials per scenario are recorded in sample_size; no hypothesis test, confirmatory inference, gate promotion, or author-metadata freeze."
ROB-SAMPLING-08-STRATIFIED,C003,RID-C003-STRAT-001,ASSET-SAMPLING-STRATEGY,prototype/results/sampling_strategy.csv,EXP-SAMPLING-STRATEGY,PREAUTHORIZATION_SIMULATION_ROBUSTNESS_OR_BOUNDARY,sampling_policy_and_audit_sample_size,audit_sample_size=8; strategy=stratified; n=32; threshold=22; domains=4; domain_outage_probability=0.2; independent_offline_probability=0.01; required_audit_responses=8,catastrophic_detection_rate=1.0; catastrophic_trials=2928; audit_pass_rate=0.3755,"catastrophic_detection_ci=[0.9986897453785788, 1.0]; audit_pass_ci=[0.36802730464170075, 0.38303246371134214]",uniform versus stratified under the declared matched seed schedule,16000,5508,DRAFT_ROBUSTNESS_BOUNDARY_ONLY,false,false,SIMULATED,V2 SIMULATED,V0 ASSERTED,"Matched-seed descriptive comparison of the declared policies only; it does not establish policy optimality, independent replication, or robustness outside evaluated cells.","No production, field, external-replication, deadline, universal-security, or deployment claim.","Descriptive frozen preauthorization simulation row only; Monte Carlo trials per scenario are recorded in sample_size; no hypothesis test, confirmatory inference, gate promotion, or author-metadata freeze."
ROB-SAMPLING-10-UNIFORM,C003,RID-C003-STRAT-001,ASSET-SAMPLING-STRATEGY,prototype/results/sampling_strategy.csv,EXP-SAMPLING-STRATEGY,PREAUTHORIZATION_SIMULATION_ROBUSTNESS_OR_BOUNDARY,sampling_policy_and_audit_sample_size,audit_sample_size=10; strategy=uniform; n=32; threshold=22; domains=4; domain_outage_probability=0.2; independent_offline_probability=0.01; required_audit_responses=10,catastrophic_detection_rate=1.0; catastrophic_trials=2969; audit_pass_rate=0.3764375,"catastrophic_detection_ci=[0.9987078157803215, 1.0]; audit_pass_ci=[0.3689608612465612, 0.38397345704358227]",uniform versus stratified under the declared matched seed schedule,16000,5510,DRAFT_ROBUSTNESS_BOUNDARY_ONLY,false,false,SIMULATED,V2 SIMULATED,V0 ASSERTED,"Matched-seed descriptive comparison of the declared policies only; it does not establish policy optimality, independent replication, or robustness outside evaluated cells.","No production, field, external-replication, deadline, universal-security, or deployment claim.","Descriptive frozen preauthorization simulation row only; Monte Carlo trials per scenario are recorded in sample_size; no hypothesis test, confirmatory inference, gate promotion, or author-metadata freeze."
ROB-SAMPLING-10-STRATIFIED,C003,RID-C003-STRAT-001,ASSET-SAMPLING-STRATEGY,prototype/results/sampling_strategy.csv,EXP-SAMPLING-STRATEGY,PREAUTHORIZATION_SIMULATION_ROBUSTNESS_OR_BOUNDARY,sampling_policy_and_audit_sample_size,audit_sample_size=10; strategy=stratified; n=32; threshold=22; domains=4; domain_outage_probability=0.2; independent_offline_probability=0.01; required_audit_responses=10,catastrophic_detection_rate=1.0; catastrophic_trials=2870; audit_pass_rate=0.3719375,"catastrophic_detection_ci=[0.998663301759774, 1.0]; audit_pass_ci=[0.36448006325672283, 0.37945641533533775]",uniform versus stratified under the declared matched seed schedule,16000,5510,DRAFT_ROBUSTNESS_BOUNDARY_ONLY,false,false,SIMULATED,V2 SIMULATED,V0 ASSERTED,"Matched-seed descriptive comparison of the declared policies only; it does not establish policy optimality, independent replication, or robustness outside evaluated cells.","No production, field, external-replication, deadline, universal-security, or deployment claim.","Descriptive frozen preauthorization simulation row only; Monte Carlo trials per scenario are recorded in sample_size; no hypothesis test, confirmatory inference, gate promotion, or author-metadata freeze."
ROB-SAMPLING-12-UNIFORM,C003,RID-C003-STRAT-001,ASSET-SAMPLING-STRATEGY,prototype/results/sampling_strategy.csv,EXP-SAMPLING-STRATEGY,PREAUTHORIZATION_SIMULATION_ROBUSTNESS_OR_BOUNDARY,sampling_policy_and_audit_sample_size,audit_sample_size=12; strategy=uniform; n=32; threshold=22; domains=4; domain_outage_probability=0.2; independent_offline_probability=0.01; required_audit_responses=12,catastrophic_detection_rate=1.0; catastrophic_trials=2833; audit_pass_rate=0.3765,"catastrophic_detection_ci=[0.9986458676396068, 1.0]; audit_pass_ci=[0.36902309941806916, 0.384036188867881]",uniform versus stratified under the declared matched seed schedule,16000,5512,DRAFT_ROBUSTNESS_BOUNDARY_ONLY,false,false,SIMULATED,V2 SIMULATED,V0 ASSERTED,"Matched-seed descriptive comparison of the declared policies only; it does not establish policy optimality, independent replication, or robustness outside evaluated cells.","No production, field, external-replication, deadline, universal-security, or deployment claim.","Descriptive frozen preauthorization simulation row only; Monte Carlo trials per scenario are recorded in sample_size; no hypothesis test, confirmatory inference, gate promotion, or author-metadata freeze."
ROB-SAMPLING-12-STRATIFIED,C003,RID-C003-STRAT-001,ASSET-SAMPLING-STRATEGY,prototype/results/sampling_strategy.csv,EXP-SAMPLING-STRATEGY,PREAUTHORIZATION_SIMULATION_ROBUSTNESS_OR_BOUNDARY,sampling_policy_and_audit_sample_size,audit_sample_size=12; strategy=stratified; n=32; threshold=22; domains=4; domain_outage_probability=0.2; independent_offline_probability=0.01; required_audit_responses=12,catastrophic_detection_rate=1.0; catastrophic_trials=2915; audit_pass_rate=0.364875,"catastrophic_detection_ci=[0.9986839097378567, 1.0]; audit_pass_ci=[0.35744910212395536, 0.3723657669419476]",uniform versus stratified under the declared matched seed schedule,16000,5512,DRAFT_ROBUSTNESS_BOUNDARY_ONLY,false,false,SIMULATED,V2 SIMULATED,V0 ASSERTED,"Matched-seed descriptive comparison of the declared policies only; it does not establish policy optimality, independent replication, or robustness outside evaluated cells.","No production, field, external-replication, deadline, universal-security, or deployment claim.","Descriptive frozen preauthorization simulation row only; Monte Carlo trials per scenario are recorded in sample_size; no hypothesis test, confirmatory inference, gate promotion, or author-metadata freeze."
ROB-SAMPLING-16-UNIFORM,C003,RID-C003-STRAT-001,ASSET-SAMPLING-STRATEGY,prototype/results/sampling_strategy.csv,EXP-SAMPLING-STRATEGY,PREAUTHORIZATION_SIMULATION_ROBUSTNESS_OR_BOUNDARY,sampling_policy_and_audit_sample_size,audit_sample_size=16; strategy=uniform; n=32; threshold=22; domains=4; domain_outage_probability=0.2; independent_offline_probability=0.01; required_audit_responses=16,catastrophic_detection_rate=1.0; catastrophic_trials=2881; audit_pass_rate=0.3493125,"catastrophic_detection_ci=[0.9986683986362757, 1.0]; audit_pass_ci=[0.3419622419807185, 0.35673509812931486]",uniform versus stratified under the declared matched seed schedule,16000,5516,DRAFT_ROBUSTNESS_BOUNDARY_ONLY,false,false,SIMULATED,V2 SIMULATED,V0 ASSERTED,"Matched-seed descriptive comparison of the declared policies only; it does not establish policy optimality, independent replication, or robustness outside evaluated cells.","No production, field, external-replication, deadline, universal-security, or deployment claim.","Descriptive frozen preauthorization simulation row only; Monte Carlo trials per scenario are recorded in sample_size; no hypothesis test, confirmatory inference, gate promotion, or author-metadata freeze."
ROB-SAMPLING-16-STRATIFIED,C003,RID-C003-STRAT-001,ASSET-SAMPLING-STRATEGY,prototype/results/sampling_strategy.csv,EXP-SAMPLING-STRATEGY,PREAUTHORIZATION_SIMULATION_ROBUSTNESS_OR_BOUNDARY,sampling_policy_and_audit_sample_size,audit_sample_size=16; strategy=stratified; n=32; threshold=22; domains=4; domain_outage_probability=0.2; independent_offline_probability=0.01; required_audit_responses=16,catastrophic_detection_rate=1.0; catastrophic_trials=2940; audit_pass_rate=0.347625,"catastrophic_detection_ci=[0.998695086377976, 1.0]; audit_pass_ci=[0.34028345938374677, 0.35503969083950554]",uniform versus stratified under the declared matched seed schedule,16000,5516,DRAFT_ROBUSTNESS_BOUNDARY_ONLY,false,false,SIMULATED,V2 SIMULATED,V0 ASSERTED,"Matched-seed descriptive comparison of the declared policies only; it does not establish policy optimality, independent replication, or robustness outside evaluated cells.","No production, field, external-replication, deadline, universal-security, or deployment claim.","Descriptive frozen preauthorization simulation row only; Monte Carlo trials per scenario are recorded in sample_size; no hypothesis test, confirmatory inference, gate promotion, or author-metadata freeze."
