evidence_id,claim_ids,origin,maturity,scope,status,authorized,independent,source_artifact,source_asset_ids,authorization,directness,uncertainty,tested_setting,failure_envelope,excluded_generality,notes
RID-C001-SEP-001,C001,ANALYTIC,V1 ANALYTIC,ANALYTIC,PARTIAL,false,false,04-data/provenance-manifest.csv,ASSET-PROPERTY-SEPARATION,PREAUTHORIZATION_ONLY,Direct specification of audit/dispute predicate separation.,No independent scientific verification; current outputs are draft internal artifacts.,Frozen model and property obligations.,Specification may be incomplete or model assumptions may not hold.,"No production, field, external-replication, or universal security claim.",Traceability only; not independently verified.
RID-C001-STATIC-001,C001|C003,ANALYTIC,V1 ANALYTIC,ANALYTIC,PARTIAL,false,false,04-data/provenance-manifest.csv,ASSET-THEORETICAL-BOUND,PREAUTHORIZATION_ONLY,Direct model-bounded analytic output.,No independent scientific verification; current outputs are draft internal artifacts.,Static n=32 threshold scenarios recorded by the manifest.,Bound is sensitive to frozen model assumptions.,"No production, field, external-replication, or universal security claim.",Model-bounded analytic draft.
RID-C002-CONTRACT-001,C002,INTERNAL_EXPERIMENT,V3 INTERNAL,INTERNAL,PARTIAL,false,false,04-data/provenance-manifest.csv,ASSET-CONTRACT-QA-RECEIPT|ASSET-GAS-REPORT,PREAUTHORIZATION_ONLY,Internal contract tests and gas snapshot only.,No independent scientific verification; current outputs are draft internal artifacts.,Local Foundry execution.,No production deployment or independent security audit.,"No production, field, external-replication, or universal security claim.",Engineering QA must not be relabelled as scientific evidence.
RID-C002-CRYPTO-001,C002|C003,INTERNAL_EXPERIMENT,V3 INTERNAL,INTERNAL,PARTIAL,false,false,04-data/provenance-manifest.csv,ASSET-CRYPTO-QA-RECEIPT|ASSET-CRYPTO-BENCHMARK,PREAUTHORIZATION_ONLY,Internal implementation QA and benchmark only.,No independent scientific verification; current outputs are draft internal artifacts.,Local deterministic fixtures and benchmark environment.,No independent cryptographic audit or adversarial production validation.,"No production, field, external-replication, or universal security claim.",Engineering QA must not be relabelled as scientific evidence.
RID-C003-CORR-001,C003,SIMULATED,V2 SIMULATED,SIMULATED,PARTIAL,false,false,04-data/provenance-manifest.csv,ASSET-DOMAIN-DIVERSITY|ASSET-MARKOV-TEMPORAL-DEPENDENCE,PREAUTHORIZATION_ONLY,Direct seeded correlated-failure simulations.,No independent scientific verification; current outputs are draft internal artifacts.,Frozen domain and Markov scenarios.,Scenario coverage is bounded and parameter-dependent.,"No production, field, external-replication, or universal security claim.",Simulation only.
RID-C003-DEADLINE-001,C003,EXPERT_JUDGMENT,V0 ASSERTED,ASSERTED,BLOCKED,false,false,04-data/provenance-manifest.csv,,PREAUTHORIZATION_ONLY,No executed distributed evidence asset exists.,No independent scientific verification; current outputs are draft internal artifacts.,Proposed future deadline-aware distributed pilot.,"Environment, protocol, authorization, and execution remain absent.","No production, field, external-replication, or universal security claim.",Blocked until a separately authorized and independently verified pilot is executed.
RID-C003-IID-001,C003,SIMULATED,V2 SIMULATED,SIMULATED,PARTIAL,false,false,04-data/provenance-manifest.csv,ASSET-IID-FAILURE-SWEEP,PREAUTHORIZATION_ONLY,Direct seeded simulation output.,No independent scientific verification; current outputs are draft internal artifacts.,Frozen IID outage sweep.,IID assumptions may not represent correlated failures.,"No production, field, external-replication, or universal security claim.",Simulation only.
RID-C003-STRAT-001,C003,SIMULATED,V2 SIMULATED,SIMULATED,PARTIAL,false,false,04-data/provenance-manifest.csv,ASSET-BASELINE|ASSET-SAMPLING-STRATEGY|ASSET-EXACT-STRATIFIED-VALIDATION,PREAUTHORIZATION_ONLY,Direct seeded strategy comparison with one exact-tail validation.,No independent scientific verification; current outputs are draft internal artifacts.,"Frozen n=32,t=22 sampling settings.",Does not establish optimality outside evaluated strategies.,"No production, field, external-replication, or universal security claim.",Simulation and analytic validation only.
RID-C003-SW-001,C003,SIMULATED,V2 SIMULATED,SIMULATED,PARTIAL,false,false,04-data/provenance-manifest.csv,ASSET-BASELINE|ASSET-SELECTIVE-WITHHOLDING,PREAUTHORIZATION_ONLY,Direct seeded negative-result simulation.,No independent scientific verification; current outputs are draft internal artifacts.,"Frozen selective-withholding sweep for n=32,t=22,s=8,q=8.",Adversary and availability models are bounded.,"No production, field, external-replication, or universal security claim.",Central limitation result; simulation only.
